-- phpMyAdmin SQL Dump
-- version 5.0.1
-- https://www.phpmyadmin.net/
--
-- Host: 127.0.0.1
-- Generation Time: Apr 15, 2020 at 08:26 PM
-- Server version: 10.4.11-MariaDB
-- PHP Version: 7.2.27

SET SQL_MODE = "NO_AUTO_VALUE_ON_ZERO";
SET AUTOCOMMIT = 0;
START TRANSACTION;
SET time_zone = "+00:00";


/*!40101 SET @OLD_CHARACTER_SET_CLIENT=@@CHARACTER_SET_CLIENT */;
/*!40101 SET @OLD_CHARACTER_SET_RESULTS=@@CHARACTER_SET_RESULTS */;
/*!40101 SET @OLD_COLLATION_CONNECTION=@@COLLATION_CONNECTION */;
/*!40101 SET NAMES utf8mb4 */;

--
-- Database: `quality_assurance`
--

-- --------------------------------------------------------

--
-- Table structure for table `aktivitas_user`
--

CREATE TABLE `aktivitas_user` (
  `id_aktivitas` int(4) NOT NULL,
  `id_user` int(3) NOT NULL,
  `aktivitas` text NOT NULL,
  `tgl` date NOT NULL,
  `jam` time NOT NULL
) ENGINE=InnoDB DEFAULT CHARSET=utf8mb4;

--
-- Dumping data for table `aktivitas_user`
--

INSERT INTO `aktivitas_user` (`id_aktivitas`, `id_user`, `aktivitas`, `tgl`, `jam`) VALUES
(1, 6, 'telah mengedit profile', '2020-04-16', '00:33:50');

-- --------------------------------------------------------

--
-- Table structure for table `chat`
--

CREATE TABLE `chat` (
  `id_chat` int(4) NOT NULL,
  `id_receiver` int(3) NOT NULL,
  `message` text NOT NULL,
  `id_from` int(3) NOT NULL,
  `time` varchar(125) NOT NULL,
  `fromOpponent` tinyint(1) NOT NULL,
  `unread` tinyint(1) NOT NULL
) ENGINE=InnoDB DEFAULT CHARSET=utf8mb4;

--
-- Dumping data for table `chat`
--

INSERT INTO `chat` (`id_chat`, `id_receiver`, `message`, `id_from`, `time`, `fromOpponent`, `unread`) VALUES
(1, 5, 'halo bastian...', 1, 'Thu Apr 16 2020 01:00:24 GMT+0700 (Western Indonesia Time)', 1, 0),
(2, 5, 'sudah input data claim belum...', 1, 'Thu Apr 16 2020 01:00:36 GMT+0700 (Western Indonesia Time)', 1, 0),
(3, 1, 'belum min...', 5, 'Thu Apr 16 2020 01:00:51 GMT+0700 (Waktu Indonesia Barat)', 1, 0),
(4, 1, 'ntar ya min, saya mau istirahat dulu...', 5, 'Thu Apr 16 2020 01:01:13 GMT+0700 (Waktu Indonesia Barat)', 1, 0),
(5, 5, 'oke bastian...', 1, 'Thu Apr 16 2020 01:01:26 GMT+0700 (Western Indonesia Time)', 1, 0),
(6, 1, 'terima kasih min...', 5, 'Thu Apr 16 2020 01:01:45 GMT+0700 (Waktu Indonesia Barat)', 1, 0),
(7, 1, 'terima kasih sudah mengingatkan...', 5, 'Thu Apr 16 2020 01:02:01 GMT+0700 (Waktu Indonesia Barat)', 1, 0),
(8, 5, 'oke bastian, sama-sama...', 1, 'Thu Apr 16 2020 01:02:16 GMT+0700 (Western Indonesia Time)', 1, 0),
(9, 1, 'mantap jiwa', 5, 'Thu Apr 16 2020 01:02:24 GMT+0700 (Waktu Indonesia Barat)', 1, 0),
(10, 1, 'halo juan, besok saya tidak masuk kerja, tolong gantiin saya buat input data delivery...', 6, 'Thu Apr 16 2020 01:11:47 GMT+0700 (Waktu Indonesia Barat)', 1, 0),
(11, 1, 'terima kasih ya...', 6, 'Thu Apr 16 2020 01:11:56 GMT+0700 (Waktu Indonesia Barat)', 1, 0),
(12, 6, 'oke cindy...', 1, 'Thu Apr 16 2020 01:12:10 GMT+0700 (Western Indonesia Time)', 1, 0),
(13, 1, 'oke juan, makasih yaa...', 6, 'Thu Apr 16 2020 01:12:32 GMT+0700 (Waktu Indonesia Barat)', 1, 0),
(14, 1, 'saya udh input data claim ya...', 5, 'Thu Apr 16 2020 01:13:20 GMT+0700 (Waktu Indonesia Barat)', 1, 0),
(15, 1, 'makasih...', 5, 'Thu Apr 16 2020 01:13:33 GMT+0700 (Waktu Indonesia Barat)', 1, 0),
(16, 5, 'oke bastian sama sama', 1, 'Thu Apr 16 2020 01:13:56 GMT+0700 (Western Indonesia Time)', 1, 1),
(17, 6, 'oke cindy, sama-sama', 1, 'Thu Apr 16 2020 01:14:14 GMT+0700 (Western Indonesia Time)', 1, 1);

-- --------------------------------------------------------

--
-- Table structure for table `claim_customer`
--

CREATE TABLE `claim_customer` (
  `id_customer_claim` int(5) NOT NULL,
  `tgl_input` date NOT NULL,
  `no_surat_claim` varchar(30) NOT NULL,
  `tgl_surat_claim` date NOT NULL,
  `no_lkk_qro` varchar(30) NOT NULL,
  `id_part` int(5) NOT NULL,
  `total_claim_actual` int(5) NOT NULL DEFAULT 0,
  `total_claim_surat` int(5) NOT NULL DEFAULT 0,
  `status_part_claim` varchar(25) NOT NULL DEFAULT '0',
  `qty_point` int(5) NOT NULL DEFAULT 0,
  `jml_qty_visual` int(5) NOT NULL DEFAULT 0,
  `rank_point_visual` int(5) NOT NULL DEFAULT 0,
  `jml_qty_nonvisual` int(5) NOT NULL DEFAULT 0,
  `rank_point_nonvisual` varchar(15) NOT NULL DEFAULT '0',
  `gqi_point` varchar(15) NOT NULL,
  `card` varchar(12) DEFAULT NULL,
  `ppt_file` int(3) DEFAULT NULL,
  `status_claim` varchar(15) DEFAULT NULL,
  `ahm_plant` varchar(7) DEFAULT NULL,
  `ofp` int(3) DEFAULT NULL,
  `id_pergantian_part` int(3) DEFAULT NULL,
  `id_sortir_stock` int(3) DEFAULT NULL,
  `id_pfmea` int(3) DEFAULT NULL,
  `status` varchar(6) DEFAULT 'open'
) ENGINE=InnoDB DEFAULT CHARSET=latin1;

--
-- Dumping data for table `claim_customer`
--

INSERT INTO `claim_customer` (`id_customer_claim`, `tgl_input`, `no_surat_claim`, `tgl_surat_claim`, `no_lkk_qro`, `id_part`, `total_claim_actual`, `total_claim_surat`, `status_part_claim`, `qty_point`, `jml_qty_visual`, `rank_point_visual`, `jml_qty_nonvisual`, `rank_point_nonvisual`, `gqi_point`, `card`, `ppt_file`, `status_claim`, `ahm_plant`, `ofp`, `id_pergantian_part`, `id_sortir_stock`, `id_pfmea`, `status`) VALUES
(1, '2019-11-05', 'AHM/00003/1100078/11/2019', '2019-11-01', 'EKT/03/QA/ASKI/11/2019', 26, 1, 1, 'RECEIVED', 2, 0, 0, 1, '20', '22', 'Green Card', 1, NULL, NULL, NULL, NULL, NULL, NULL, 'OPEN'),
(2, '2019-11-05', 'AHM/00003/1100078/11/2019', '2019-11-01', 'EKT/04/QA/ASKI/11/2019', 31, 1, 1, 'RECEIVED', 2, 0, 0, 1, '20', '22', 'Green Card', NULL, NULL, NULL, NULL, NULL, NULL, NULL, 'OPEN'),
(3, '2019-11-06', 'AHM/00037/1100078/11/2019', '2019-11-04', 'EKT/05/QA/ASKI/11/2019', 209, 1, 1, 'RECEIVED', 2, 1, 4, 0, 'FALSE', '6', 'Green Card', NULL, NULL, NULL, NULL, NULL, NULL, NULL, 'OPEN'),
(4, '2019-11-06', '40/MKT/KRW/XI/2019', '2019-11-01', 'EKT/06/QA/ASKI/11/2019', 44, 8, 8, 'RECEIVED', 10, 8, 4, 0, 'FALSE', '14', 'Green Card', NULL, NULL, NULL, NULL, NULL, NULL, NULL, 'OPEN'),
(5, '2019-11-08', 'AHM/00040/1100078/11/2019', '2019-11-04', 'EKT/13/QA/ASKI/11/2019', 3, 3, 3, 'RECEIVED', 10, 3, 4, 0, '0', '14', 'Green Card', NULL, NULL, NULL, NULL, NULL, NULL, NULL, 'OPEN'),
(6, '2019-11-08', 'AHM/00062/1100078/11/2019', '2019-11-06', 'EKT/14/QA/ASKI/11/2019', 76, 2, 2, 'RECEIVED', 10, 2, 4, 0, 'FALSE', '14', 'Green Card', NULL, NULL, NULL, NULL, NULL, 1, NULL, 'OPEN'),
(7, '2019-11-08', 'AHM/00068/1100078/11/2019', '2019-11-06', 'EKT/15/QA/ASKI/11/2019', 326, 2, 2, 'RECEIVED', 10, 2, 4, 0, 'FALSE', '14', 'Green Card', NULL, NULL, NULL, NULL, NULL, NULL, NULL, 'OPEN'),
(8, '2019-11-08', 'AHM/00068/1100078/11/2019', '2019-11-06', 'EKT/16/QA/ASKI/11/2019', 327, 1, 1, 'RECEIVED', 2, 1, 4, 0, 'FALSE', '6', 'Green Card', NULL, NULL, NULL, NULL, NULL, NULL, NULL, 'OPEN'),
(9, '2019-11-08', 'AHM/00068/1100078/11/2019', '2019-11-06', 'EKT/17/QA/ASKI/11/2019', 306, 3, 3, 'RECEIVED', 10, 3, 4, 0, 'FALSE', '14', 'Green Card', NULL, NULL, NULL, NULL, NULL, NULL, NULL, 'OPEN'),
(10, '2019-11-08', 'AHM/00095/1100078/11/2019', '2019-11-07', 'EKT/18/QA/ASKI/11/2019', 327, 1, 1, 'RECEIVED', 2, 1, 4, 0, 'FALSE', '12', 'Green Card', NULL, NULL, NULL, NULL, NULL, NULL, NULL, 'OPEN'),
(11, '2019-11-08', 'AHM/00095/1100078/11/2019', '2019-11-07', 'EKT/19/QA/ASKI/11/2019', 306, 1, 1, 'RECEIVED', 2, 1, 4, 0, 'FALSE', '20', 'Green Card', NULL, NULL, NULL, NULL, NULL, NULL, NULL, 'OPEN'),
(12, '2019-11-12', '499/MKT/KRW/11/2019', '2019-11-11', 'EKT/23/QA/ASKI/11/2019', 82, 13, 13, 'RECEIVED', 10, 13, 4, 0, 'FALSE', '14', 'Green Card', NULL, NULL, NULL, NULL, NULL, NULL, NULL, 'OPEN'),
(13, '2019-11-12', '499/MKT/KRW/11/2019', '2019-11-11', 'EKT/24/QA/ASKI/11/2019', 328, 6, 6, 'RECEIVED', 10, 5, 4, 1, 'FALSE', '14', 'Green Card', NULL, NULL, NULL, NULL, NULL, NULL, NULL, 'OPEN'),
(14, '2019-11-13', 'AHM/00100/1100078/11/2019', '2019-11-07', 'EKT/27/QA/ASKI/11/2019', 76, 1, 1, 'RECEIVED', 2, 1, 4, 0, 'FALSE', '20', 'Green Card', NULL, NULL, NULL, NULL, NULL, NULL, NULL, 'OPEN'),
(15, '2019-11-13', 'AHM/00121/1100078/11/2019', '2019-11-11', 'EKT/28/QA/ASKI/11/2019', 76, 1, 1, 'RECEIVED', 2, 1, 4, 0, 'FALSE', '40', 'Green Card', NULL, NULL, NULL, NULL, NULL, NULL, NULL, 'OPEN'),
(16, '2019-11-30', 'AHM/00137/1100078/11/2019', '2019-11-11', 'EKT/29/QA/ASKI/11/2019', 99, 1, 1, 'RECEIVED', 2, 1, 4, 0, 'FALSE', '6', 'Green Card', NULL, NULL, NULL, NULL, NULL, NULL, NULL, 'OPEN'),
(17, '2019-11-13', 'AHM/00137/1100078/11/2019', '2019-11-11', 'EKT/30/QA/ASKI/11/2019', 87, 1, 1, 'RECEIVED', 2, 1, 4, 0, 'FALSE', '6', 'Green Card', NULL, NULL, NULL, NULL, NULL, NULL, NULL, 'OPEN'),
(18, '2020-03-06', 'TGGSI/00003/1100078/11/2019', '2020-03-03', 'EKT 001', 323, 5, 5, 'RECEIVED', 10, 3, 4, 2, '#N/A', '#N/A', '#N/A', NULL, 'Claim', NULL, NULL, NULL, NULL, NULL, 'OPEN'),
(19, '2020-06-06', 'TGGSI/00003/1100078/11/2019', '2020-03-03', 'EKT 002', 324, 17, 17, 'RECEIVED', 0, 0, 0, 0, '0', '#N/A', '#N/A', NULL, 'Tukar Guling', NULL, NULL, NULL, NULL, NULL, 'OPEN'),
(29, '2020-03-13', 'HJHJHJJJJHJHJH', '2020-03-09', 'MNMNMNMNMN', 327, 4, 4, 'RECEIVED', 10, 4, 4, 0, 'FALSE', '14', 'Green Card', NULL, 'Claim', 'AHM 3', NULL, NULL, NULL, NULL, 'OPEN'),
(30, '2020-03-13', 'HJHJHJJJJHJHJH', '2020-03-09', 'jjhjhjhjhj', 317, 3, 3, 'RECEIVED', 10, 0, 0, 3, '20', '30', 'Green Card', NULL, 'Tukar Guling', 'AHM 5', NULL, NULL, NULL, NULL, 'OPEN'),
(31, '2020-03-26', 'MNMNMNNMNNBNVF', '2020-03-16', 'BFBFGFGFGFGF', 325, 2, 2, 'RECEIVED', 10, 2, 4, 0, '#N/A', '#N/A', '#N/A', NULL, 'Tukar Guling', NULL, NULL, NULL, NULL, NULL, 'OPEN'),
(32, '2020-03-26', 'MNMNMNNMNNBNVF', '2020-03-16', 'nmnmnmnmnmn', 323, 5, 5, 'RECEIVED', 0, 0, 0, 0, '0', '#N/A', '#N/A', NULL, 'Tukar Guling', NULL, NULL, NULL, NULL, NULL, 'OPEN'),
(33, '2020-03-28', 'BGMGHMMGM', '2020-03-23', 'DGFGFGFFG', 329, 2, 2, 'RECEIVED', 10, 2, 4, 0, 'FALSE', '14', 'Green Card', NULL, 'Claim', '', NULL, NULL, NULL, NULL, 'OPEN'),
(34, '2020-03-28', 'BGMGHMMGM', '2020-03-23', 'nbnbnbnbnbb', 330, 3, 3, 'RECEIVED', 0, 0, 0, 0, '0', '#N/A', '#N/A', NULL, 'Claim', NULL, NULL, NULL, NULL, NULL, 'OPEN'),
(35, '2020-04-11', 'NBMNBN,MGJFMFJR', '2020-05-06', 'EKT 1010', 329, 3, 3, 'RECEIVED', 10, 3, 4, 0, 'FALSE', '14', 'Green Card', NULL, 'Tukar Guling', '', NULL, NULL, NULL, NULL, 'OPEN'),
(36, '2020-04-11', 'NBMNBN,MGJFMFJR', '2020-05-06', 'NHGJFJDEDHE', 330, 4, 4, 'RECEIVED', 0, 0, 0, 0, '0', '#N/A', '#N/A', NULL, 'Claim', '', NULL, NULL, NULL, NULL, 'OPEN');

-- --------------------------------------------------------

--
-- Table structure for table `customer`
--

CREATE TABLE `customer` (
  `id_customer` int(3) NOT NULL,
  `nama_customer` varchar(100) NOT NULL,
  `total_visual_and_nonvisual` int(3) DEFAULT 0
) ENGINE=InnoDB DEFAULT CHARSET=latin1;

--
-- Dumping data for table `customer`
--

INSERT INTO `customer` (`id_customer`, `nama_customer`, `total_visual_and_nonvisual`) VALUES
(1, 'AHM', 54),
(7, 'ADM', 0),
(8, 'AVI', 0),
(9, 'DNIA', 0),
(10, 'AHM OP', 0),
(11, 'FSCM', 0),
(12, 'IAMI', 0),
(13, 'TMMIN', 0),
(14, 'SANENG', 0),
(15, 'SKI', 0),
(16, 'GEMITA', 0),
(17, 'YUTAKA', 0),
(18, 'YASUNLI', 0),
(19, 'TGSSI', 7),
(20, 'AHM-PC', 5);

-- --------------------------------------------------------

--
-- Table structure for table `data_parts`
--

CREATE TABLE `data_parts` (
  `id_part` int(4) NOT NULL,
  `no_sap` varchar(17) DEFAULT NULL,
  `safety_grade` varchar(10) NOT NULL,
  `nama_part` varchar(40) NOT NULL,
  `type` varchar(4) NOT NULL,
  `proses` varchar(16) NOT NULL,
  `customer` int(3) NOT NULL
) ENGINE=InnoDB DEFAULT CHARSET=latin1;

--
-- Dumping data for table `data_parts`
--

INSERT INTO `data_parts` (`id_part`, `no_sap`, `safety_grade`, `nama_part`, `type`, `proses`, `customer`) VALUES
(1, 'QI2LSG-GGRB61BK00', 'HS', 'REAR GRAB RAIL ASSY K61A', 'K61A', 'PI', 1),
(2, 'QI2LSG-GGRB81BK00', 'HS', 'RR GRAB RAIL K81A', 'K81A', 'PI', 1),
(3, 'QI2LSG-GLUG59BK01', 'HA', 'BOX LUGGAGE SUB ASSY K59J', 'K59J', 'PI', 1),
(4, 'QI2LSG-GLUG97BK00', 'HA', 'BOX LUGGAGE SET K97G', 'K97G', 'PI', 1),
(5, 'QI2FEN-GFNR97BK00', 'HA', 'FENDER C RR K97F', 'K97G', 'PI', 1),
(6, 'QI2LSG-GLUG59BK00', 'HA', 'BOX LUGGAGE SUB ASSY K59A', 'K59', 'PI', 1),
(7, 'QI2LSG-GLUG81BK00', 'HA', 'BOX LUGGAGE SET K81A', 'K81A', 'PI', 1),
(8, 'QI2LSG-GLUG93BK00', 'HA', 'BOX LUGGAGE ASSY K93A', 'K93A', 'PI', 1),
(9, 'QI2LSG-GLUGWWBK00', 'HA', 'BOX LUGGAGE ASSY KWWX', 'KWW', 'PI', 1),
(10, 'QI2FEN-GFNF59BK10', 'HA', 'FENDER FRONT K59J', 'K59J', 'PI', 1),
(11, 'QI2FEN-GFNF56BK00', 'HA', 'FENDER A FRONT K56F', 'K56F', 'PI', 1),
(12, 'QI2FEN-GFNF56BK03', 'HA', 'FENDER B FRONT K56F', 'K56F', 'PI', 1),
(13, 'QI2FEN-GFNR56BK00', 'HA', 'FENDER REAR LOWER K56F', 'K56F', 'PI', 1),
(14, 'QI2FEN-SFNF59BK00', 'HA', 'FENDER FRONT K59A', 'K59A', 'PI', 1),
(15, 'QI2FEN-GFNR61BK00', 'HA', 'FENDER REAR K61A', 'K61A', 'PI', 1),
(16, 'QI2FEN-GFNR81BK00', 'HA', 'FENDER REAR ASSY K81A', 'K81A', 'PI', 1),
(17, 'QI2FEN-GFNF93BK00', 'HA', 'FENDER FRONT K93A', 'K93A', 'PI', 1),
(18, 'QI2FEN-GFNR93BK00', 'HA', 'FENDER REAR ASSY K93A', 'K93A', 'PI', 1),
(19, 'QI2HLC-GHOSNFBK00', 'HB', 'HOUSING THROUTLE UNDER ANF', 'ANF', 'PI', 1),
(20, 'QI2HLC-GHOSNFBK01', 'HB', 'HOUSING THROUTLE UPPER ANF', 'ANF', 'PI', 1),
(21, 'QI2HLC-GHOS44BK00', 'HB', 'HOUSING UNDER THROTLE K44F', 'K44F', 'PI', 1),
(22, 'QI2HLC-GHOS44BK01', 'HB', 'HOUSING UPPER THROTLE K44F', 'K44F', 'PI', 1),
(23, 'QI2LIG-GBAS59BK00', 'HB', 'BASE LICENCE LIGHT K59A', 'K59', 'PI', 1),
(24, 'QI2PLA-GFAN59NT00', 'HB', 'FAN COMP COOLING K59A', 'K59A', 'PI', 1),
(25, 'QI2PLA-GFAN60NT00', 'HB', 'FAN COMP COOLING K60A', 'K60A', 'PI', 1),
(26, 'QI2CRN-GCCH60BK00', 'HB', 'COVER COMP HEAD SET K60R', 'K60R', 'PI', 1),
(27, 'QI2SCO-GCWI64BK01', 'HB', 'INNER L MID COWL ASSY K64A', 'K64A', 'PI', 1),
(28, 'QI2SCO-GCWI64BK00', 'HB', 'INNER R MID COWL ASSY K64A', 'K64A', 'PI', 1),
(29, 'QI2HLC-GHOS66BK00', 'HB', 'HOUSING UNDER THROTLE K66', 'K66', 'PI', 1),
(30, 'QI2HLC-GHOS66BK01', 'HB', 'HOUSING UPPER THROTLE K66', 'K66', 'PI', 1),
(31, 'QI2PLA-GFAN60NT01', 'HB', 'FAN COMP COOLING 19510-K97F-T000', 'K97F', 'PI', 1),
(32, 'QI2SCO-GCFL3SBK01', 'NON', 'COVER LH FRONT LOWER K03S', 'K03S', 'PI', 1),
(33, 'QI2SCO-GCMP3SBK00', 'NON', 'COVER MAIN PIPE K03S', 'K03S', 'PI', 1),
(34, 'QI2SCO-GCFL3SBK00', 'NON', 'COVER RH FRONT LOWER K03S', 'K03S', 'PI', 1),
(35, 'QI2SCO-GCMP07BK02', 'NON', 'COVER MAIN PIPE SET K07A', 'K07A', 'PI', 1),
(36, 'QI2CRN-GCRA15BK00', 'NON', 'COVER COMP L REAR K15A', 'K15A', 'PI', 1),
(37, 'QI2CRN-GCRA15BK01', 'NON', 'COVER COMP L REAR K15G', 'K15G', 'PI', 1),
(38, 'QI2HLC-GCHR15BK00', 'NON', 'COVER H/L REAR ASSY K15G', 'K15G', 'PI', 1),
(39, 'QI2SCO-GCWL15BK01', 'NON', 'COWL L FRONT SET K15G', 'K15G', 'PI', 1),
(40, 'QI2SCO-GCWL15BK03', 'NON', 'COWL L UNDER K15G', 'K15G', 'PI', 1),
(41, 'QI2SCO-GCWL15BK00', 'NON', 'COWL R FRONT SET K15G', 'K15G', 'PI', 1),
(42, 'QI2SCO-GCWL15BK02', 'NON', 'COWL R UNDER K15G', 'K15G', 'PI', 1),
(43, 'QI2SCO-GSRD15BK01', 'NON', 'SHROUD L INNER K15G', 'K15G', 'PI', 1),
(44, 'QI2SCO-GSRD15BK00', 'NON', 'SHROUD R INNER K15G', 'K15G', 'PI', 1),
(45, 'QI2SCO-GCWL15BK06', 'NON', 'COWL R UNDER ASSY 6432B-K15M-H400-IN', 'K15M', 'PI', 1),
(46, 'QI2SCO-GCWL15BK07', 'NON', 'COWL L UNDER ASSY 6431C-K15M-H400-IN', 'K15M', 'PI', 1),
(47, 'QI2LIG-GCHL18BK00', 'NON', 'CASE HEAD LIGHT K18H', 'K18H', 'PI', 1),
(48, 'QI2SCO-GCWL18BK00', 'NON', 'COWL R SIDE K18H', 'K18H', 'PI', 1),
(49, 'QI2SCO-GCWL18BK01', 'NON', 'COWL L SIDE K18H', 'K18H', 'PI', 1),
(50, 'QI2HLC-GCFL25BK01', 'NON', 'COVER FR LOWER ASSY 6430BK25900', 'K25A', 'PI', 1),
(51, 'QI2SCO-GCFR1ABK01', 'NON', 'COVER LH FRONT K41A', 'K41A', 'PI', 1),
(52, 'QI2SCO-GCBS1ABK01', 'NON', 'COVER LH SIDE K41A', 'K41A', 'PI', 1),
(53, 'QI2SCO-GCFR1ABK00', 'NON', 'COVER RH FRONT K41A', 'K41A', 'PI', 1),
(54, 'QI2SCO-GCBS1ABK00', 'NON', 'COVER RH SIDE K41A', 'K41A', 'PI', 1),
(55, 'QI2CAI-GGUI44NT00', 'NON', 'GUIDE CAM CHAIN K44F', 'K44F', 'PI', 1),
(56, 'QI2HLC-GCFT46BK00', 'NON', 'COVER FRONT TOP K46A', 'K46A', 'PI', 1),
(57, 'QI2HLC-GCHF46BK00', 'NON', 'COVER HANDLE FRONT K46A', 'K46A', 'PI', 1),
(58, 'QI2SCO-GCBO46BK01', 'NON', 'COVER LH BODY K46A', 'K46A', 'PI', 1),
(59, 'QI2SCO-GCBS46BK01', 'NON', 'COVER LH BODY SIDE K46A', 'K46A', 'PI', 1),
(60, 'QI2HLC-GCFR46BK01', 'NON', 'COVER LH FRONT K46A', 'K46A', 'PI', 1),
(61, 'QI2SCO-GCBO46BK00', 'NON', 'COVER RH BODY K46A', 'K46A', 'PI', 1),
(62, 'QI2SCO-GCBS46BK00', 'NON', 'COVER RH BODY SIDE K46A', 'K46A', 'PI', 1),
(63, 'QI2HLC-GCFR46BK00', 'NON', 'COVER RH FRONT K46A', 'K46A', 'PI', 1),
(64, 'QI2BAT-GLID46BK00', 'NON', 'LID BATTERY K46A', 'K46A', 'PI', 1),
(65, 'QI2FOT-GFLO46BK00', 'NON', 'STEP FLOOR ASSY K46A', 'K46A', 'PI', 1),
(66, 'QI2BAT-GLID46BK01', 'NON', 'LID BATTERY K46F', 'K46F', 'PI', 1),
(67, 'QI2FOT-GFLO46BK01', 'NON', 'STEP FLOOR K46F', 'K46F', 'PI', 1),
(68, 'QI2SCO-GCSU56BK01', 'NON', 'COVER L SIDE UPPER K56A', 'K56A', 'PI', 1),
(69, 'QI2SCO-GCSU56BK00', 'NON', 'COVER R SIDE UPPER K56A', 'K56A', 'PI', 1),
(70, 'QI2HLC-GCHF56BK00', 'NON', 'COVER HANDLE FRONT K56F', 'K56F', 'PI', 1),
(71, 'QI2HLC-GCHT56BK00', 'NON', 'COVER HANDLE TOP LH K56F', 'K56F', 'PI', 1),
(72, 'QI2HLC-GCHT56BK01', 'NON', 'COVER HANDLE TOP RH K56F', 'K56F', 'PI', 1),
(73, 'QI2SCO-GCSD56BK00', 'NON', 'COVER L SIDE K56F', 'K56F', 'PI', 1),
(74, 'QI2SCO-GCMP56BK00', 'NON', 'COVER MAIN PIPE REAR K56F', 'K56F', 'PI', 1),
(75, 'QI2SCO-GCSD56BK01', 'NON', 'COVER R SIDE K56F', 'K56F', 'PI', 1),
(76, 'QI2PLA-GRAD59BK00', 'NON', 'COVER COMP RADIATOR K59A', 'K59A', 'PI', 1),
(77, 'QI2FOT-GFLO59BK01', 'NON', 'STEP FLOOR ASSY K59J', 'K59J', 'PI', 1),
(78, 'QI2HLC-GGRN59BK01', 'NON', 'GARNISH FRONT SET K59J', 'K59J', 'PI', 1),
(79, 'QI2HLC-GGRN59BK02', 'NON', 'GARNISH R FRONT SET K59J', 'K59J', 'PI', 1),
(80, 'QI2HLC-GGRN59BK03', 'NON', 'GARNISH L FRONT SET K59J', 'K59J', 'PI', 1),
(81, 'QI2SCO-GCBS59BK10', 'NON', 'COVER R BODY SIDE SET K59J', 'K59J', 'PI', 1),
(82, 'QI2SCO-GCBS59BK11', 'NON', 'COVER L BODY SIDE SET K59J', 'K59J', 'PI', 1),
(83, 'QI2BAT-GLID59BK01', 'NON', 'LID BATTERY K59J', 'K59J', 'PI', 1),
(84, 'QI2SCO-GCUS60BK00', 'NON', 'COVER R UNDER SIDE SET K60R', 'K59J', 'PI', 1),
(85, 'QI2SCO-GCUS60BK01', 'NON', 'COVER L UNDER SIDE SET K60R', 'K59J', 'PI', 1),
(86, 'QI2HLC-GINR60BK00', 'NON', 'COV INNER LOWER ASSY 8114A-K60R', 'K59J', 'PI', 1),
(87, 'QI2HLC-GCFL59BK00', 'NON', 'COVER FRONT LOWER ASSY K59J', 'K59J', 'PI', 1),
(88, 'QI2LSG-GLUG59BK01', 'HA', 'BOX LUGGAGE SUB ASSY K59J', 'K59J', 'PI', 1),
(89, 'QI2HLC-GCFR61BK00', 'NON', 'COVER FRONT K61A', 'K61A', 'PI', 1),
(90, 'QI2HLC-GCFL61BK00', 'NON', 'COVER FRONT LOWER ASSY K61A', 'K61A', 'PI', 1),
(91, 'QI2HLC-GINR61BK00', 'NON', 'COVER INNER K61A', 'K61A', 'PI', 1),
(92, 'QI2SCO-GCBO61BK00', 'NON', 'COVER L BODY K61A', 'K61A', 'PI', 1),
(93, 'QI2SCO-GCBO61BK01', 'NON', 'COVER R BODY K61A', 'K61A', 'PI', 1),
(94, 'QI2OTH-GIGN61BK00', 'NON', 'GUARD IGN COIL K61A', 'K61A', 'PI', 1),
(95, 'QI2BAT-GLID61BK00', 'NON', 'LID BATTERY K61A', 'K61A', 'PI', 1),
(96, 'QI2HLC-GPKT61BK00', 'NON', 'POCKET INNER K61A', 'K61A', 'PI', 1),
(97, 'QI2FOT-GFLO61BK00', 'NON', 'STEP FLOOR ASSY K61A', 'K61A', 'PI', 1),
(98, 'QI2HLC-GCFR81BK00', 'NON', 'COVER FRONT K81A', 'K81A', 'PI', 1),
(99, 'QI2HLC-GCFL81BK00', 'NON', 'COVER FRONT LOWER K81A', 'K81A', 'PI', 1),
(100, 'QI2HLC-GCFT81BK00', 'NON', 'COVER FRONT TOP ASSY K81A', 'K81A', 'PI', 1),
(101, 'QI2HLC-GINR81BK01', 'NON', 'COVER INNER LOWER ASSY K81A', 'K81A', 'PI', 1),
(102, 'QI2HLC-GINR81BK00', 'NON', 'COVER INNER UPPER K81A', 'K81A', 'PI', 1),
(103, 'QI2SCO-GCBO81BK00', 'NON', 'COVER L BODY K81A', 'K81A', 'PI', 1),
(104, 'QI2SCO-GCBS81BK00', 'NON', 'COVER L BODY SIDE ASSY K81A', 'K81A', 'PI', 1),
(105, 'QI2SCO-GCBO81BK01', 'NON', 'COVER R BODY K81A', 'K81A', 'PI', 1),
(106, 'QI2SCO-GCBS81BK01', 'NON', 'COVER R BODY SIDE ASSY K81A', 'K81A', 'PI', 1),
(107, 'QI2HLC-GCVR81BK00', 'NON', 'COVER UNDER K81A', 'K81A', 'PI', 1),
(108, 'QI2BAT-GLID81BK00', 'NON', 'LID BATTERY K81A', 'K81A', 'PI', 1),
(109, 'QI2FOT-GFLO81BK00', 'NON', 'STEP FLOOR ASSY K81A', 'K81A', 'PI', 1),
(110, 'QI2CRN-GCRA84BK00', 'NON', 'COVER COMP L REAR K84A', 'K84A', 'PI', 1),
(111, 'QI2SCO-GCBO93BK01', 'NON', 'COVER L BODY K93A', 'K93A', 'PI', 1),
(112, 'QI2HLC-GLID93BK01', 'NON', 'LID L POCKET K93A', 'K93A', 'PI', 1),
(113, 'QI2SPD-GCSP93BK00', 'NON', 'COVER B SPEEDOMETER K93A', 'K93A', 'PI', 1),
(114, 'QI2HLC-GINR93BK00', 'NON', 'COVER INNER K93A', 'K93A', 'PI', 1),
(115, 'QI2HLC-GCFT93BK00', 'NON', 'COVER FRONT TOP K93A', 'K93A', 'PI', 1),
(116, 'QI2SCO-GCEN93BK01', 'NON', 'COVER REAR CENTER K93A', 'K93A', 'PI', 1),
(117, 'QI2SCO-GCEN93BK00', 'NON', 'COVER CENTER K93A', 'K93A', 'PI', 1),
(118, 'QI2HLC-GCFR93BK01', 'NON', 'COVER L FRONT K93A', 'K93A', 'PI', 1),
(119, 'QI2HLC-GCFR93BK00', 'NON', 'COVER R FRONT K93A', 'K93A', 'PI', 1),
(120, 'QI2HLC-GCVR93BK00', 'NON', 'COVER UNDER K93A ASSY', 'K93A', 'PI', 1),
(121, 'QI2SCO-GCUS93BK01', 'NON', 'COVER UNDER L SIDE K93A', 'K93A', 'PI', 1),
(122, 'QI2SCO-GCUS93BK00', 'NON', 'COVER UNDER R SIDE K93A', 'K93A', 'PI', 1),
(123, 'QI2BAT-GLID93BK00', 'NON', 'LID BATTERY K93A MBNH-1', 'K93A', 'PI', 1),
(124, 'QI2HLC-GLID93BK00', 'NON', 'LID INNER L POCKET ASSY K93A', 'K93A', 'PI', 1),
(125, 'QI2HLC-GPKT93BK01', 'NON', 'POCKET L INNER K93A', 'K93A', 'PI', 1),
(126, 'QI2HLC-GPKT93BK00', 'NON', 'POCKET R INNER K93A', 'K93A', 'PI', 1),
(127, 'QI2FOT-GFLO93BK00', 'NON', 'STEP ASSY FLOOR K93A MBNH-1', 'K93A', 'PI', 1),
(128, 'QI2FOT-GFLO97BK00', 'NON', 'STEP R FLOOR ASSY K97G', 'K97G', 'PI', 1),
(129, 'QI2FOT-GFLO97BK01', 'NON', 'STEP L FLOOR ASSY K97G', 'K97G', 'PI', 1),
(130, 'QI2PLA-GRADVBBK00', 'NON', 'COVER RADIATOR BLACK KVB', 'KVB', 'PI', 1),
(131, 'QI2GAU-GOILVBBK00', 'NON', 'GAUGE OIL LEVEL KVB', 'KVB', 'PI', 1),
(132, 'QI2GAU-GOILVYBK00', 'NON', 'GAUGE OIL ASSY LEVEL KVY', 'KVY', 'PI', 1),
(133, 'QI2GAU-GOILWBBK00', 'NON', 'GAUGE OIL LEVEL KWBF', 'KWBF', 'PI', 1),
(134, 'QI2GAU-GOILWCBK00', 'NON', 'GAUGE OIL ASSY LEVEL KWCA', 'KWCA', 'PI', 1),
(135, 'QI2HLC-GCHRWWBK00', 'NON', 'COVER HANDLE REAR KWWF', 'KWWF', 'PI', 1),
(136, 'QI2SCO-GCMPWWBK01', 'NON', 'COVER L MAIN PIPE SIDE ASSY KWWX ETCHING', 'KWWX', 'PI', 1),
(137, 'QI2SCO-GCMPWWBK02', 'NON', 'COVER R MAIN PIPE SIDE ASSY KWWX ETCHING', 'KWWX', 'PI', 1),
(138, 'QI2CAI-GCASYEBK00', 'NON', 'CASE DRIVE CHAIN KYEA', 'KYEA', 'PI', 1),
(139, 'QI2SPD-GCSPYEBK00', 'NON', 'COVER METER A KYEA', 'KYEA', 'PI', 1),
(140, 'QI2CRN-GCRAYZBK00', 'NON', 'COVER COMP L REAR KYZA', 'KYZA', 'PI', 1),
(141, 'QI2PLA-GINS81BK00', 'NON', 'INSULATOR INLET PIPE ASSY KZL', 'KZL', 'PI', 1),
(142, 'QI2ACL-GCVRZLBK00', 'NON', 'COVER DUCT SET L KZLG', 'KZLG', 'PI', 1),
(143, 'QI2SCO-GCWI64BK00', 'NON', 'INNER R MID COWL ASSY K64A', 'K64', 'PI', 1),
(144, 'QI2LSG-GLUG93BK00', 'HA', 'BOX LUGGAGE ASSY K93A', 'K93', 'PI', 1),
(145, 'QI2HLC-GCFR0WBK00', 'NON', 'COVER FR  UPPER 64336-K0WA-N005', 'K0WA', 'PI', 1),
(146, 'QI2LSG-GLUG0WBK00', 'HA', 'BOX LUGGAGE SET 8125A-K0WA-N000-IN', 'K0WA', 'PI', 1),
(147, NULL, 'NON', 'COVER UNDER K0JA', 'K0JA', 'PI', 1),
(148, NULL, 'HB', 'FAN COMP COOLING K0JA', 'K0JA', 'PI', 1),
(149, NULL, 'NON', 'INSULATOR INLET PIPE K0JA', 'K0JA', 'PI', 1),
(150, 'QS2FEN-GFNF07BK00', 'HA', 'FENDER A FRONT K07A NH-1 BLACK', 'K07A', 'PT', 1),
(151, 'QS2FEN-GFNF07WH00', 'HA', 'FENDER A FRONT K07A NH-341 FAD WHITE', 'K07A', 'PT', 1),
(152, 'QS2FEN-GFNF61WH00', 'HA', 'FENDER FRONT K61A NH-196 ROSS WHITE', 'K61A', 'PT', 1),
(153, 'QS2FEN-GFNF61BK00', 'HA', 'FENDER FRONT K61A NH-1 BLACK', 'K61A', 'PT', 1),
(154, 'QS2FEN-GFNF46WH01', 'HA', 'FENDER FRONT K46F NH-196 ROSS WHITE', 'K46F', 'PT', 1),
(155, 'QS2FEN-GFNF46GY00', 'HA', 'FENDER FRONT K46F NH-303M AXIS GRAY', 'K46F', 'PT', 1),
(156, 'QS2FEN-GFNF60WH00', 'HA', 'FENDER FR K60R NH-196 ROSS WHITE', 'K59J', 'PT', 1),
(157, 'QS2FEN-GFNF47BK00', 'HA', 'FENDER A FRONT K47A NH-1 BLACK', 'K47A', 'PT', 1),
(158, 'QS2FEN-GFNF47SV00', 'HA', 'FENDER A FRONT K47G NH-177 M VOS SILVER', 'K47G', 'PT', 1),
(159, 'QS2FEN-GCHF46WH00', 'HA', 'FENDER FRONT K46A NH-341P WHITE', 'K46A', 'PT', 1),
(160, 'QS2FEN-GFNF46BK00', 'HA', 'FENDER FRONT K46A NH-1 BLACK', 'K46A', 'PT', 1),
(161, 'QS2FEN-GFNF59WH00', 'HA', 'FENDER FRONT K59A NH-341P WHITE', 'K59', 'PT', 1),
(162, 'QS2FEN-GFNF59BK00', 'HA', 'FENDER FRONT K59A NH-B12 AFINITY BLACK', 'K59', 'PT', 1),
(163, 'QS2FEN-GFNF81WH00', 'HA', 'FENDER FRONT K81A NH-196 ROSS WHITE', 'K81A', 'PT', 1),
(164, 'QS2FEN-GFNF81BK00', 'HA', 'FENDER FRONT K81A NH-1 BLACK', 'K81A', 'PT', 1),
(165, 'QS2SCO-GFEN41BK00', 'HA', 'FENDER A FRONT K41 NH-1 BLACK', 'K41A', 'PT', 1),
(166, 'QS2SCO-GFEN41BK01', 'HA', 'FENDER A FRONT K41 NH-436M BLACK MET', 'K41A', 'PT', 1),
(167, 'QS2FEN-GFNFYZBK00', 'HA', 'FENDER A FRONT KYZ NH-B12 AFINITY BLACK', 'KYZA', 'PT', 1),
(168, 'QS2ACL-GCVR07SV00', 'NON', 'COVER A/C OUTLET K07A NH131 STAR SILVER', 'K07A', 'PT', 1),
(169, 'QS2ACL-GCVR07OR00', 'NON', 'COVER A/C OUTLET K07A YR294 BLITZ ORANGE', 'K07A', 'PT', 1),
(170, 'QS2HLC-GCFT07BK00', 'NON', 'COVER FRONT TOP K07A NH-1 BLACK', 'K07A', 'PT', 1),
(171, 'QS2HLC-GCFT07SV00', 'NON', 'COVER FRONT TOP K07A NH-131 STAR SILVER', 'K07A', 'PT', 1),
(172, 'QS2HLC-GCFT07WH00', 'NON', 'COVER FRONT TOP K07A NH-341 FAD WHITE', 'K07A', 'PT', 1),
(173, 'QS2SCO-GCBO07BK01', 'NON', 'COVER L BODY K07A NH-1 BLACK', 'K07A', 'PT', 1),
(174, 'QS2SCO-GCBO07BK04', 'NON', 'COVER L BODY K07A NH-B12 BLACK MET', 'K07A', 'PT', 1),
(175, 'QS2SCO-GCMP07SV01', 'NON', 'COVER L M/P SIDE K07A NH131 STAR SILVER', 'K07A', 'PT', 1),
(176, 'QS2SCO-GCMP07WH01', 'NON', 'COVER L M/P SIDE K07A NH-341 FAD WHITE', 'K07A', 'PT', 1),
(177, 'QS2SCO-GCBO07BK00', 'NON', 'COVER R BODY K07A NH-1 BLACK', 'K07A', 'PT', 1),
(178, 'QS2SCO-GCBO07BK03', 'NON', 'COVER R BODY K07A NH-B12 BLACK MET', 'K07A', 'PT', 1),
(179, 'QS2SCO-GCMP07SV00', 'NON', 'COVER R M/P SIDE K07A NH131 STAR SILVER', 'K07A', 'PT', 1),
(180, 'QS2SCO-GCMP07WH00', 'NON', 'COVER R M/P SIDE K07A NH-341 FAD WHITE', 'K07A', 'PT', 1),
(181, 'QS2SPD-GCSP07SV00', 'NON', 'COVER SPEEDOMETER K07A NH131 STAR SILVER', 'K07A', 'PT', 1),
(182, 'QS2SCO-GCTL07BK00', 'NON', 'COVER TAIL K07A NH-1 BLACK', 'K07A', 'PT', 1),
(183, 'QS2SCO-GCTL07BK01', 'NON', 'COVER TAIL K07A NH-B12 BLACK MET', 'K07A', 'PT', 1),
(184, 'QS2HLC-GCHN07BK01', 'NON', 'CVR L HANDLE TOP K07A NH-B12 BLACK MET', 'K07A', 'PT', 1),
(185, 'QS2HLC-GCHN07OR01', 'NON', 'CVR L HANDLE TOP K07A YR294 BLITZ ORANGE', 'K07A', 'PT', 1),
(186, 'QS2HLC-GCHN07BK00', 'NON', 'CVR R HANDLE TOP K07A NH-B12 BLACK MET', 'K07A', 'PT', 1),
(187, 'QS2HLC-GCHN07OR00', 'NON', 'CVR R HANDLE TOP K07A YR294 BLITZ ORANGE', 'K07A', 'PT', 1),
(188, 'QS2SCO-GLEG07BK01', 'NON', 'SHIELD LH LEG K07A NH-1 BLACK', 'K07A', 'PT', 1),
(189, 'QS2SCO-GLEG07BK03', 'NON', 'SHIELD LH LEG K07A NH-B12 BLACK MET', 'K07A', 'PT', 1),
(190, 'QS2SCO-GLEG07BK00', 'NON', 'SHIELD RH LEG K07A NH-1 BLACK', 'K07A', 'PT', 1),
(191, 'QS2SCO-GLEG07BK02', 'NON', 'SHIELD RH LEG K07A NH-B12 BLACK MET', 'K07A', 'PT', 1),
(192, 'QS2SCO-GCMP07BK01', 'NON', 'COVER L M/P SIDE K07J NH-B12 BLACK MET', 'K07A', 'PT', 1),
(193, 'QS2SCO-GCMP07BK00', 'NON', 'COVER R M/P SIDE K07J NH-B12 BLACK MET', 'K07A', 'PT', 1),
(194, 'QS2SCO-GLEG07WH01', 'NON', 'SHIELD LH LEG K07J NH-341 FAD WHITE', 'K07A', 'PT', 1),
(195, 'QS2SCO-GLEG07WH00', 'NON', 'SHIELD RH LEG K07J NH-341 FAD WHITE', 'K07A', 'PT', 1),
(196, 'QS2HLC-GCFR61WH00', 'NON', 'COVER FRONT K61A NH-196 ROSS WHITE', 'K61A', 'PT', 1),
(197, 'QS2HLC-GCHF61WH00', 'NON', 'COVER HANDLE FRONT K61A NH-196 ROSS WHT', 'K61A', 'PT', 1),
(198, 'QS2SCO-GCBO61WH00', 'NON', 'COVER L BODY K61A NH-196 ROSS WHITE', 'K61A', 'PT', 1),
(199, 'QS2SCO-GCBO61WH01', 'NON', 'COVER R BODY K61A NH-196 ROSS WHITE', 'K61A', 'PT', 1),
(200, 'QS2HLC-GCFR61BK00', 'NON', 'COVER FRONT K61A NH-1 BLACK', 'K61A', 'PT', 1),
(201, 'QS2HLC-GCHF61BK00', 'NON', 'COVER HANDLE FRONT K61A NH-1 BLACK', 'K61A', 'PT', 1),
(202, 'QS2SCO-GCBO61BK00', 'NON', 'COVER L BODY K61A NH-1 BLACK', 'K61A', 'PT', 1),
(203, 'QS2SCO-GCBO61BK01', 'NON', 'COVER R BODY K61A NH-1 BLACK', 'K61A', 'PT', 1),
(204, 'QS2HLC-GCFR61MG00', 'NON', 'COVER FRONT K61A RP-195C MAGENTA', 'K61A', 'PT', 1),
(205, 'QS2HLC-GCHF61MG00', 'NON', 'COVER HANDLE FRONT K61A RP-195C MAGENTA', 'K61A', 'PT', 1),
(206, 'QS2HLC-GCFT46WH01', 'NON', 'COVER FRONT TOP K46F NH-196 ROSS WHITE', 'K46F', 'PT', 1),
(207, 'QS2HLC-GCFT46GY00', 'NON', 'COVER FRONT TOP K46F NH-303M AXIS GRAY', 'K46F', 'PT', 1),
(208, 'QS2HLC-GCHF46WH01', 'NON', 'COVER HANDLE FRONT K46F NH-196 ROSS WHT', 'K46F', 'PT', 1),
(209, 'QS2HLC-GCHF46GY00', 'NON', 'COVER HANDLE FRONT K46F NH-303M GRAY', 'K46F', 'PT', 1),
(210, 'QS2HLC-GCHT46BK00', 'NON', 'COVER HANDLE TOP K46F NH-1 BLACK', 'K46F', 'PT', 1),
(211, 'QS2HLC-GCHT46GY00', 'NON', 'COVER HANDLE TOP K46F NH-303M AXIS GRAY', 'K46F', 'PT', 1),
(212, 'QS2SCO-GCBO46WH03', 'NON', 'COVER LH BODY K46F NH-196 ROSS WHITE', 'K46F', 'PT', 1),
(213, 'QS2SCO-GCBO46GY01', 'NON', 'COVER LH BODY K46F NH-303M AXIS GRAY', 'K46F', 'PT', 1),
(214, 'QS2HLC-GCFR46WH03', 'NON', 'COVER LH FRONT K46F NH-196 ROSS WHITE', 'K46F', 'PT', 1),
(215, 'QS2HLC-GCFR46GY01', 'NON', 'COVER LH FRONT K46F NH-303M AXIS GRAY', 'K46F', 'PT', 1),
(216, 'QS2SCO-GCBO46WH02', 'NON', 'COVER RH BODY K46F NH-196 ROSS WHITE', 'K46F', 'PT', 1),
(217, 'QS2SCO-GCBO46GY00', 'NON', 'COVER RH BODY K46F NH-303M AXIS GRAY', 'K46F', 'PT', 1),
(218, 'QS2HLC-GCFR46WH02', 'NON', 'COVER RH FRONT K46F NH-196 ROSS WHITE', 'K46F', 'PT', 1),
(219, 'QS2HLC-GCFR46GY00', 'NON', 'COVER RH FRONT K46F NH-303M AXIS GRAY', 'K46F', 'PT', 1),
(220, 'QS2SCO-GCEN46WH02', 'NON', 'COVER RR CENTER K46F NH-196 ROSS WHITE', 'K46F', 'PT', 1),
(221, 'QS2SCO-GCEN46GY00', 'NON', 'COVER RR CENTER K46F NH-303M AXIS GRAY', 'K46F', 'PT', 1),
(222, 'QS2SCO-GCEN46WH03', 'NON', 'COVER RR CENTER LWR K46F NH-196 ROSS WHT', 'K46F', 'PT', 1),
(223, 'QS2SCO-GCEN46GY01', 'NON', 'COVER RR CENTER LWR K46F NH-303M GRAY', 'K46F', 'PT', 1),
(224, 'QS2HLC-GCFT60BK00', 'NON', 'COVER FR TOP K60R NH-1 BLACK', 'K59J', 'PT', 1),
(225, 'QS2HLC-GCHF60BK00', 'NON', 'COVER HANDLE FRONT K60R NH-1 BLACK', 'K59J', 'PT', 1),
(226, 'QS2HLC-GRAK60BK00', 'NON', 'COVER RACK K60R NH-1 BLACK', 'K59J', 'PT', 1),
(227, 'QS2SCO-GCEN60BK00', 'NON', 'COVER RR CENTER K60R NH-1 BLACK', 'K59J', 'PT', 1),
(228, 'QS2SCO-GCFR60WH01', 'NON', 'COVER L FRONT K60R NH-196 ROSS WHITE', 'K59J', 'PT', 1),
(229, 'QS2SCO-GCFR60WH00', 'NON', 'COVER R FRONT K60R NH-196 ROSS WHITE', 'K59J', 'PT', 1),
(230, 'QS2HLC-GCFR60WH00', 'NON', 'COVER FRONT K60R NH-196 ROSS WHITE', 'K59J', 'PT', 1),
(231, 'QS2SCO-GCBO60WH03', 'NON', 'COVER L BODY K60R NH-196 ROSS WHITE', 'K59J', 'PT', 1),
(232, 'QS2SCO-GCBO60WH02', 'NON', 'COVER R BODY K60R NH-196 ROSS WHITE', 'K59J', 'PT', 1),
(233, 'QS2HLC-GCHF60WH00', 'NON', 'CVR HANDLE FR TOP K60R NH-196 ROSS WHITE', 'K59J', 'PT', 1),
(234, 'QS2ACL-GCVR47OR00', 'NON', 'COVER A/C OUTLET K47A YR-271 NIT ORANGE', 'K47A', 'PT', 1),
(235, 'QS2HLC-GCFT47BK00', 'NON', 'COVER FRONT TOP K47A NH-1 BLACK', 'K47A', 'PT', 1),
(236, 'QS2HLC-GCHN47OR00', 'NON', 'CVR R HANDLE TOP K47A YR-271 NIT ORANGE', 'K47A', 'PT', 1),
(237, 'QS2HLC-GCHN47OR01', 'NON', 'CVR L HANDLE TOP K47A YR-271 NIT ORANGE', 'K47A', 'PT', 1),
(238, 'QS2HLC-GCHN47WH00', 'NON', 'CVR R HANDLE TOP K47A NH-196 ROSS WHITE', 'K47A', 'PT', 1),
(239, 'QS2HLC-GCHN47WH01', 'NON', 'CVR L HANDLE TOP K47A NH-196 ROSS WHITE', 'K47A', 'PT', 1),
(240, 'QS2SCO-GCBO47BK00', 'NON', 'COVER R BODY K47A NH-1 BLACK', 'K47A', 'PT', 1),
(241, 'QS2SCO-GCBO47BK01', 'NON', 'COVER L BODY K47A NH-1 BLACK', 'K47A', 'PT', 1),
(242, 'QS2SCO-GCMP47SV00', 'NON', 'COVER R M/P SIDE K47A NH-177M VOS SILVER', 'K47A', 'PT', 1),
(243, 'QS2SCO-GCMP47SV01', 'NON', 'COVER L M/P SIDE K47A NH-177M VOS SILVER', 'K47A', 'PT', 1),
(244, 'QS2SCO-GCMP47WH00', 'NON', 'COVER R M/P SIDE K47A NH-196 ROSS WHITE', 'K47A', 'PT', 1),
(245, 'QS2SCO-GCMP47WH01', 'NON', 'COVER L M/P SIDE K47A NH-196 ROSS WHITE', 'K47A', 'PT', 1),
(246, 'QS2SCO-GCTL47BK00', 'NON', 'COVER TAIL K47A NH-1 BLACK', 'K47A', 'PT', 1),
(247, 'QS2SCO-GLEG47BK00', 'NON', 'SHIELD RH LEG K47A NH-1 BLACK', 'K47A', 'PT', 1),
(248, 'QS2SCO-GLEG47BK01', 'NON', 'SHIELD LH LEG K47A NH-1 BLACK', 'K47A', 'PT', 1),
(249, 'QS2SCO-GLEG47OR00', 'NON', 'SHIELD RH LEG K47A YR-271 NITRIC ORANGE', 'K47A', 'PT', 1),
(250, 'QS2SCO-GLEG47OR01', 'NON', 'SHIELD LH LEG K47A YR-271 NITRIC ORANGE', 'K47A', 'PT', 1),
(251, 'QS2SCO-GLEG47WH00', 'NON', 'SHIELD RH LEG K47A NH-196 ROSS WHITE', 'K47A', 'PT', 1),
(252, 'QS2SCO-GLEG47WH01', 'NON', 'SHIELD LH LEG K47A NH-196 ROSS WHITE', 'K47A', 'PT', 1),
(253, 'QS2SPD-GCSP47SV00', 'NON', 'COVER SPEEDOMETER K47A NH131 STAR SILVER', 'K47A', 'PT', 1),
(254, 'QS2ACL-GCVR47SV00', 'NON', 'COVER A/C OUTLET K47G NH-177M VOS SILVER', 'K47G', 'PT', 1),
(255, 'QS2HLC-GCHN47BK00', 'NON', 'CVR L HANDLE TOP K47G NH-1 BLACK', 'K47G', 'PT', 1),
(256, 'QS2HLC-GCHN47BK01', 'NON', 'CVR R HANDLE TOP K47G NH-1 BLACK', 'K47G', 'PT', 1),
(257, 'QS2HLC-GCFR46BK00', 'NON', 'COVER RH FRONT K46A NH-1 BLACK', 'K46A', 'PT', 1),
(258, 'QS2HLC-GCFR46BK01', 'NON', 'COVER LH FRONT K46A NH-1 BLACK', 'K46A', 'PT', 1),
(259, 'QS2HLC-GCFR46WH00', 'NON', 'COVER RH FRONT K46A NH-341P WHITE', 'K46A', 'PT', 1),
(260, 'QS2HLC-GCFR46WH01', 'NON', 'COVER LH FRONT K46A NH-341P WHITE', 'K46A', 'PT', 1),
(261, 'QS2HLC-GCFT46BK00', 'NON', 'COVER FRONT TOP K46A NH-1 BLACK', 'K46A', 'PT', 1),
(262, 'QS2HLC-GCFT46WH00', 'NON', 'COVER FRONT TOP K46A NH-341P WHITE', 'K46A', 'PT', 1),
(263, 'QS2HLC-GCHF46BK00', 'NON', 'COVER HANDLE FRONT K46A NH-1 BLACK', 'K46A', 'PT', 1),
(264, 'QS2HLC-GCHF46WH00', 'NON', 'COVER HANDLE FRONT K46A NH-341P WHITE', 'K46A', 'PT', 1),
(265, 'QS2SCO-GCBO46BK00', 'NON', 'COVER RH BODY K46A NH-1 BLACK', 'K46A', 'PT', 1),
(266, 'QS2SCO-GCBO46BK01', 'NON', 'COVER LH BODY K46A NH-1 BLACK', 'K46A', 'PT', 1),
(267, 'QS2SCO-GCBO46WH00', 'NON', 'COVER RH BODY K46A NH-341P WHITE', 'K46A', 'PT', 1),
(268, 'QS2SCO-GCBO46WH01', 'NON', 'COVER LH BODY K46A NH-341P WHITE', 'K46A', 'PT', 1),
(269, 'QS2SCO-GCEN46BK00', 'NON', 'COVER RR CENTER K46A NH-1 BLACK', 'K46A', 'PT', 1),
(270, 'QS2SCO-GCEN46BK01', 'NON', 'COVER RR CENTER LOWER K46A NH-1 BLACK', 'K46A', 'PT', 1),
(271, 'QS2SCO-GCEN46WH00', 'NON', 'COVER RR CENTER K46A NH-341P WHITE', 'K46A', 'PT', 1),
(272, 'QS2SCO-GCEN46WH01', 'NON', 'COVER RR CENTER LOWER K46A NH-341P WHITE', 'K46A', 'PT', 1),
(273, 'QS2SPD-GCSP46SV00', 'NON', 'COVER SPEEDOMETER K46A NH-A30M SILVER', 'K46A', 'PT', 1),
(274, 'QS2MUF-GPRT84SV00', 'NON', 'PROT MUFFLER K84A NH-141M CYCLON SILVER', 'K84A', 'PT', 1),
(275, 'QS2HLC-GCFR81WH00', 'NON', 'COVER FRONT K81A NH-196 ROSS WHITE', 'K81A', 'PT', 1),
(276, 'QS2HLC-GCHF81WH00', 'NON', 'COVER HANDLE FRONT K81A NH-196 ROSS WHT', 'K81A', 'PT', 1),
(277, 'QS2SCO-GCBO81WH01', 'NON', 'COVER LH BODY K81A NH-196 ROSS WHITE', 'K81A', 'PT', 1),
(278, 'QS2SCO-GCBO81WH00', 'NON', 'COVER RH BODY K81A NH-196 ROSS WHITE', 'K81A', 'PT', 1),
(279, 'QS2SPD-GCSP81BK00', 'NON', 'COVER SPEEDO METER K81A NH-1 BLACK', 'K81A', 'PT', 1),
(280, 'QS2HLC-GCFR81BK00', 'NON', 'COVER FRONT K81A NH-1 BLACK', 'K81A', 'PT', 1),
(281, 'QS2HLC-GCHF81BK00', 'NON', 'COVER HANDLE FRONT K81A NH-1 BLACK', 'K81A', 'PT', 1),
(282, 'QS2SCO-GCBO81BK01', 'NON', 'COVER LH BODY K81A NH-1 BLACK', 'K81A', 'PT', 1),
(283, 'QS2SCO-GCBO81BK00', 'NON', 'COVER RH BODY K81A NH-1 BLACK', 'K81A', 'PT', 1),
(284, 'QS2SCO-GCBO41BK01', 'NON', 'COVER LH BODY K41 NH-1 BLACK', 'K41A', 'PT', 1),
(285, 'QS2SCO-GCBS41SV01', 'NON', 'COVER LH SIDE K41 NH-177 VOSTOC SILVER', 'K41A', 'PT', 1),
(286, 'QS2SCO-GCMP41BK00', 'NON', 'COVER MAIN PIPE CENTER K41 NH-1 BLACK', 'K41A', 'PT', 1),
(287, 'QS2SCO-GCBO41BK00', 'NON', 'COVER RH BODY K41 NH-1 BLACK', 'K41A', 'PT', 1),
(288, 'QS2SCO-GCBS41SV00', 'NON', 'COVER RH SIDE K41 NH-177 VOSTOC SILVER', 'K41A', 'PT', 1),
(289, 'QS2SCO-GCTL41BK00', 'NON', 'COVER TAIL K41 NH-1 BLACK', 'K41A', 'PT', 1),
(290, 'QS2SCO-GCBO41BK03', 'NON', 'COVER LH BODY K41 NH-436M BLACK MET', 'K41A', 'PT', 1),
(291, 'QS2SCO-GCFR41BK03', 'NON', 'COVER LH FRONT K41 NH-436M BLACK MET', 'K41A', 'PT', 1),
(292, 'QS2SCO-GCBO41BK02', 'NON', 'COVER RH BODY K41 NH-436M BLACK MET', 'K41A', 'PT', 1),
(293, 'QS2SCO-GCFR41BK02', 'NON', 'COVER RH FRONT K41 NH-436M BLACK MET', 'K41A', 'PT', 1),
(294, 'QS2SCO-GCBS41BK02', 'NON', 'COVER RH SIDE K41 NH-436M BLACK MET', 'K41A', 'PT', 1),
(295, 'QS2SCO-GCTL41BK01', 'NON', 'COVER TAIL K41 NH-436M BLACK MET', 'K41A', 'PT', 1),
(296, 'QS2SCO-GCMPYZBK02', 'NON', 'COV LH SIDE M/P KYZ NH-B12 AFINITY BLACK', 'KYZA', 'PT', 1),
(297, 'QS2SCO-GCMPYZBK01', 'NON', 'COV RH SIDE M/P KYZ NH-B12 AFINITY BLACK', 'KYZA', 'PT', 1),
(298, 'QS2HLC-GCFTYZBK00', 'NON', 'COVER FR TOP KYZ NH-B12 AFINITY BLACK', 'KYZA', 'PT', 1),
(299, 'QS2SCO-GCBOYZBK01', 'NON', 'COVER L BODY KYZ NH-B12 AFINITY BLACK', 'KYZA', 'PT', 1),
(300, 'QS2SCO-GCBOYZBK00', 'NON', 'COVER R BODY KYZ NH-B12 AFINITY BLACK', 'KYZA', 'PT', 1),
(301, 'QS2SCO-GCMPYZBK00', 'NON', 'COVER M/P LOWER KYZ NH-B12 AFINITY BLACK', 'KYZA', 'PT', 1),
(302, 'QS2SCO-GCTLYZBK00', 'NON', 'COVER TAIL KYZ NH-B12 AFINITY BLACK', 'KYZA', 'PT', 1),
(303, 'QS2SCO-GCBO60BR01', 'NON', 'COVER L BODY K60V YR-342M JASPER BR MET', 'K60V', 'PT', 1),
(304, 'QS2FEN-GFNF60BR00', 'HA', 'FENDER FR K60V YR-342M JASPER BR MET', 'K60V', 'PT', 1),
(305, 'QS2HLC-GCFR60BR00', 'NON', 'COVER FRONT K60V YR-342M JASPER BR MET', 'K60V', 'PT', 1),
(306, 'QS2SCO-GCFR60BR01', 'NON', 'COVER L FRONT K60V YR-342M JASPER BR MET', 'K60V', 'PT', 1),
(307, 'QS2LSG-GGRP0WBK00', 'HS', 'GRIP R RR K0WA NH-436 MET GUN POWDER MET', 'K0WA', 'PT', 1),
(308, 'QS2LSG-GGRP0WBK01', 'HS', 'GRIP L RR K0WA NH-436 MET GUN POWDER MET', 'K0WA', 'PT', 1),
(309, NULL, 'HB', 'SEAT COMP DOUBLE K0WA', 'K0WA', 'SB', 1),
(310, 'QT2SEA-GSBA0JBK01', 'HB', 'SEAT COMP DOUBLE K0JA TYPE 1', 'K0JA', 'SB', 1),
(311, 'QT2SEA-GSBA03BK00', 'HB', 'SEAT COMP DOUBLE K03S', 'K03S', 'SB', 1),
(312, 'QT2SEA-GASY1ABK00', 'HB', 'SEAT ASSY DOUBLE K41A', 'K41A', 'SB', 1),
(313, 'QT2SEA-GSBA46BK00', 'HB', 'SEAT COMP DOUBLE K46A', 'K46A', 'SB', 1),
(314, 'QT2SEA-GSBA59BK00', 'HB', 'SEAT COMP DOUBLE K59A', 'K59A', 'SB', 1),
(315, 'QT2SEA-GSBA61BK00', 'HB', 'SEAT COMP DOUBLE K61A', 'K61A', 'SB', 1),
(316, 'QT2SEA-GSBA97BK00', 'HB', 'SEAT COMP DOUBLE K97G TYPE 1', 'K97G', 'SB', 1),
(317, 'QT2SEA-GSBA59BK01', 'HB', 'SEAT COMP DOUBLE K59J', 'K59J', 'SB', 1),
(318, 'QT2SEA-GSBAYZBK00', 'HB', 'SEAT COMP DOUBLE KYZA', 'KYZA', 'SB', 1),
(319, 'QT2SEA-GSBA81BK01', 'HB', 'SEAT COMP DOUBLE K81A', 'K81A', 'SB', 1),
(320, 'QT2SEA-GSBAZLNT00', 'HB', 'SEAT COMP DOUBLE KZLG', 'KZLG', 'SB', 1),
(321, 'QT2SEA-GSBA93BK00', 'HB', 'SEAT COMP DOUBLE K93A TYPE 1', 'K93A', 'SB', 1),
(322, 'QT2SEA-GSBA93BR00', 'HB', 'SEAT COMP DOUBLE K93A TYPE 2', 'K93A', 'SB', 1),
(323, 'QI4STW-GCSLG17870', '#N/A', 'COVER STEERING LOWER GS131-17870', '1787', 'PI', 19),
(324, 'QI4STW-GCSW80BK00', '#N/A', 'CVR STEERING WHEEL LOWER GS131-17880 5PK', '1788', 'PI', 19),
(325, 'QI4STW-GCSWG17830', '#N/A', 'COVER STEERING WHEEL LOWER GS131-17830', '1783', 'PI', 19),
(326, 'QS2SCO-GCBO60BR00', 'NON', 'COVER R BODY K60V YR-342M JASPER BR MET', 'K60V', 'PT', 1),
(327, 'QS2SCO-GCFR60BR00', 'NON', 'COVER R FRONT K60V YR-342M JASPER BR MET', 'K60V', 'PT', 1),
(328, 'QB2MRR-GASY56BK01', 'NON', 'MIRROR ASSY LH BACK K56A', 'K56A', 'BM', 1),
(329, 'QB2MRR-GANTZLBK01', 'NON', 'MIRROR ASSY LH BACK KZLG', 'KZLG', 'BM', 20),
(330, 'QB2MRR-GANTZRBK01', 'NON', 'MIRROR ASSY LH BACK KZRA', 'KZRA', 'BM', 20);

-- --------------------------------------------------------

--
-- Table structure for table `delivery`
--

CREATE TABLE `delivery` (
  `id_delivery` int(11) NOT NULL,
  `tgl_delivery` date NOT NULL,
  `qty` int(4) NOT NULL
) ENGINE=InnoDB DEFAULT CHARSET=utf8mb4;

--
-- Dumping data for table `delivery`
--

INSERT INTO `delivery` (`id_delivery`, `tgl_delivery`, `qty`) VALUES
(1, '2020-04-10', 5),
(2, '2020-04-10', 14);

-- --------------------------------------------------------

--
-- Table structure for table `list_part`
--

CREATE TABLE `list_part` (
  `id_part` int(8) NOT NULL,
  `no_sap` varchar(50) DEFAULT NULL,
  `safety_grade` varchar(12) NOT NULL,
  `nama_part` varchar(125) NOT NULL,
  `type` varchar(8) NOT NULL,
  `proses` varchar(12) NOT NULL,
  `id_customer` int(3) NOT NULL,
  `created_at` date NOT NULL,
  `updated_at` date NOT NULL
) ENGINE=InnoDB DEFAULT CHARSET=latin1;

--
-- Dumping data for table `list_part`
--

INSERT INTO `list_part` (`id_part`, `no_sap`, `safety_grade`, `nama_part`, `type`, `proses`, `id_customer`, `created_at`, `updated_at`) VALUES
(4, 'QS2FEN-GFNF07BK00', 'HA', 'FENDER A FRONT K07A NH-1 BLACK', 'K07A', 'BLACK', 23, '2019-12-11', '2019-12-11'),
(5, 'QS2ACL-GCVR07OR00', 'NON', 'COVER A/C OUTLET K07A YR294 BLITZ ORANGE', 'K07A', 'BLITZ ORANGE', 23, '2019-12-12', '2019-12-12'),
(6, 'QT2SEA-GSBA93BR00', 'HB', 'SEAT COMP DOUBLE K93A TYPE 2', 'K93A', 'SB', 23, '2019-12-12', '2019-12-12'),
(7, 'QS2ACL-GCVR47OR00', 'NON', 'COVER A/C OUTLET K47A YR-271 NIT ORANGE', 'K47A', 'NIT ORANGE', 23, '2019-12-16', '2019-12-16'),
(8, 'QS2FEN-GFNF46WH01', 'HA', 'FENDER FRONT K46F NH-196 ROSS WHITE', 'K46F', 'ROSS WHITE', 23, '2019-12-16', '2019-12-16'),
(9, 'QI4STW-GCSLG17870', '#N/A', 'COVER STEERING LOWER GS131-17870', '17870', 'PI', 1, '2019-12-18', '2019-12-18'),
(10, 'QI4STW-GCSW80BK00', '#N/A', 'CVR STEERING WHEEL LOWER GS131-17880 5PK', '17880', 'PI', 19, '2019-12-18', '2019-12-18'),
(11, 'QI4STW-GCSWG17830', '#N/A', 'COVER STEERING WHEEL LOWER GS131-17830', '17830', 'PI', 19, '2019-12-20', '2019-12-20'),
(12, 'QS2SCO-GCBO60BR00', 'NON', 'COVER R BODY K60V YR-342M JASPER BR MET', 'K60V', 'PT', 1, '2020-01-17', '2020-01-17'),
(13, 'QS2SCO-GCFR60BR00', 'NON', 'COVER R FRONT K60V YR-342M JASPER BR MET', 'K60V', 'PT', 1, '2020-01-17', '2020-01-17'),
(14, 'QB2MRR-GASY56BK01', 'NON', 'MIRROR ASSY LH BACK K56A', 'K56A', 'BM', 1, '2020-01-17', '2020-01-17'),
(15, 'QB2MRR-GANTZLBK01', 'NON', 'MIRROR ASSY LH BACK KZLG', 'KZLG', 'BM', 20, '2020-01-17', '2020-01-17'),
(16, 'QB2MRR-GANTZRBK01', 'NON', 'MIRROR ASSY LH BACK KZRA', 'KZRA', 'BM', 20, '2020-01-17', '2020-01-17');

-- --------------------------------------------------------

--
-- Table structure for table `non_visual`
--

CREATE TABLE `non_visual` (
  `id_customer_claim` int(3) NOT NULL,
  `Deformasi` int(3) NOT NULL DEFAULT 0,
  `Patah` int(3) NOT NULL DEFAULT 0,
  `Part_Tidak_Lengkap` int(3) NOT NULL DEFAULT 0,
  `Elector_Mark` int(3) NOT NULL DEFAULT 0,
  `Short_Shot` int(3) NOT NULL DEFAULT 0,
  `Material_Asing` int(3) NOT NULL DEFAULT 0,
  `Pecah` int(3) NOT NULL DEFAULT 0,
  `Stay_Lepas` int(3) NOT NULL DEFAULT 0,
  `Salah_Ulir` int(3) NOT NULL DEFAULT 0,
  `Visual_TA` int(3) NOT NULL DEFAULT 0,
  `Ulir_Ng` int(3) NOT NULL DEFAULT 0,
  `Rubber_TA` int(3) NOT NULL DEFAULT 0,
  `Hole_Ng` int(3) NOT NULL DEFAULT 0
) ENGINE=InnoDB DEFAULT CHARSET=latin1;

--
-- Dumping data for table `non_visual`
--

INSERT INTO `non_visual` (`id_customer_claim`, `Deformasi`, `Patah`, `Part_Tidak_Lengkap`, `Elector_Mark`, `Short_Shot`, `Material_Asing`, `Pecah`, `Stay_Lepas`, `Salah_Ulir`, `Visual_TA`, `Ulir_Ng`, `Rubber_TA`, `Hole_Ng`) VALUES
(1, 0, 0, 1, 0, 0, 0, 0, 0, 0, 0, 0, 0, 0),
(2, 0, 0, 1, 0, 0, 0, 0, 0, 0, 0, 0, 0, 0),
(3, 0, 0, 0, 0, 0, 0, 0, 0, 0, 0, 0, 0, 0),
(4, 0, 0, 0, 0, 0, 0, 0, 0, 0, 0, 0, 0, 0),
(5, 0, 0, 0, 0, 0, 0, 0, 0, 0, 0, 0, 0, 0),
(6, 0, 0, 0, 0, 0, 0, 0, 0, 0, 0, 0, 0, 0),
(7, 0, 0, 0, 0, 0, 0, 0, 0, 0, 0, 0, 0, 0),
(8, 0, 0, 0, 0, 0, 0, 0, 0, 0, 0, 0, 0, 0),
(9, 0, 0, 0, 0, 0, 0, 0, 0, 0, 0, 0, 0, 0),
(10, 0, 0, 0, 0, 0, 0, 0, 0, 0, 0, 0, 0, 0),
(11, 0, 0, 0, 0, 0, 0, 0, 0, 0, 0, 0, 0, 0),
(12, 0, 0, 0, 0, 0, 0, 0, 0, 0, 0, 0, 0, 0),
(13, 0, 0, 0, 0, 0, 0, 0, 0, 0, 0, 1, 0, 0),
(14, 0, 0, 0, 0, 0, 0, 0, 0, 0, 0, 0, 0, 0),
(15, 0, 0, 0, 0, 0, 0, 0, 0, 0, 0, 0, 0, 0),
(16, 0, 0, 0, 0, 0, 0, 0, 0, 0, 0, 0, 0, 0),
(17, 0, 0, 0, 0, 0, 0, 0, 0, 0, 0, 0, 0, 0),
(18, 0, 2, 0, 0, 0, 0, 0, 0, 0, 0, 0, 0, 0),
(19, 1, 0, 4, 0, 0, 0, 0, 0, 0, 0, 0, 0, 0),
(29, 0, 0, 0, 0, 0, 0, 0, 0, 0, 0, 0, 0, 0),
(30, 0, 0, 0, 3, 0, 0, 0, 0, 0, 0, 0, 0, 0),
(31, 0, 0, 0, 0, 0, 0, 0, 0, 0, 0, 0, 0, 0),
(32, 0, 0, 0, 0, 0, 0, 0, 0, 0, 0, 0, 0, 2),
(33, 0, 0, 0, 0, 0, 0, 0, 0, 0, 0, 0, 0, 0),
(34, 0, 0, 0, 0, 0, 0, 0, 0, 0, 0, 0, 0, 0),
(35, 0, 0, 0, 0, 0, 0, 0, 0, 0, 0, 0, 0, 0),
(36, 0, 0, 0, 0, 0, 0, 0, 0, 0, 0, 0, 0, 0);

-- --------------------------------------------------------

--
-- Table structure for table `ofp`
--

CREATE TABLE `ofp` (
  `id_ofp` int(3) NOT NULL,
  `tgl_upload` date NOT NULL,
  `nama_file` text NOT NULL
) ENGINE=InnoDB DEFAULT CHARSET=utf8mb4;

-- --------------------------------------------------------

--
-- Table structure for table `pergantian_part`
--

CREATE TABLE `pergantian_part` (
  `id_pergantian_part` int(3) NOT NULL,
  `tgl_pembayaran` date DEFAULT NULL,
  `no_gi_451` varchar(20) DEFAULT NULL,
  `no_gi_945` varchar(20) DEFAULT NULL
) ENGINE=InnoDB DEFAULT CHARSET=utf8mb4;

-- --------------------------------------------------------

--
-- Table structure for table `pfmea`
--

CREATE TABLE `pfmea` (
  `id_pfmea` int(3) NOT NULL,
  `tgl_upload` date NOT NULL,
  `nama_file` text NOT NULL
) ENGINE=InnoDB DEFAULT CHARSET=utf8mb4;

-- --------------------------------------------------------

--
-- Table structure for table `pica`
--

CREATE TABLE `pica` (
  `id_pica` int(3) NOT NULL,
  `tgl_upload` date NOT NULL,
  `nama_file` text NOT NULL
) ENGINE=InnoDB DEFAULT CHARSET=utf8mb4;

--
-- Dumping data for table `pica`
--

INSERT INTO `pica` (`id_pica`, `tgl_upload`, `nama_file`) VALUES
(1, '2020-04-10', 'PICA_COVER_COMP_HEAD_SET_K60R_GQI_-_MONITORING_INPUT_CLAIM_NOVEMBER_2019.xlsx'),
(1, '2020-04-10', 'PICA_COVER_COMP_HEAD_SET_K60R_MONITORING_INPUT_TUKAR_GULING_NOVEMBER_2019.xlsx'),
(1, '2020-04-10', 'PICA_COVER_COMP_HEAD_SET_K60R_MONTHLY_REVIEW_NOVEMBER_-_eps.pptx');

-- --------------------------------------------------------

--
-- Table structure for table `reset_password`
--

CREATE TABLE `reset_password` (
  `id_reset` int(3) NOT NULL,
  `password` varchar(255) NOT NULL,
  `id_user` int(3) NOT NULL
) ENGINE=InnoDB DEFAULT CHARSET=latin1;

--
-- Dumping data for table `reset_password`
--

INSERT INTO `reset_password` (`id_reset`, `password`, `id_user`) VALUES
(4, '$2y$10$IO3PgZ9Uy5LD9vzq4Qk4XuHNyXOamyi7nFVtHkz1SkfL4rKTYM.Si', 5),
(5, '$2y$10$tcJP9urWGMjh8ByI4BdMJOxE9iV3XnuGTntR4gQjV/3wrT9sG9o2S', 6);

-- --------------------------------------------------------

--
-- Table structure for table `sortir_stock`
--

CREATE TABLE `sortir_stock` (
  `id_sortir_stock` int(6) NOT NULL,
  `tgl` date NOT NULL,
  `stock` int(10) NOT NULL,
  `ok` int(10) NOT NULL,
  `ng` int(10) NOT NULL,
  `sisa` int(10) NOT NULL
) ENGINE=InnoDB DEFAULT CHARSET=utf8mb4;

--
-- Dumping data for table `sortir_stock`
--

INSERT INTO `sortir_stock` (`id_sortir_stock`, `tgl`, `stock`, `ok`, `ng`, `sisa`) VALUES
(1, '2020-04-10', 100, 27, 17, 56);

-- --------------------------------------------------------

--
-- Table structure for table `users`
--

CREATE TABLE `users` (
  `id_users` int(3) NOT NULL,
  `photo` text DEFAULT NULL,
  `full_name` varchar(125) NOT NULL,
  `username` varchar(125) NOT NULL,
  `role` varchar(50) NOT NULL,
  `password` varchar(255) NOT NULL,
  `online` char(1) NOT NULL DEFAULT '0',
  `created_at` timestamp NOT NULL DEFAULT current_timestamp() ON UPDATE current_timestamp(),
  `updated_at` timestamp NOT NULL DEFAULT '0000-00-00 00:00:00'
) ENGINE=InnoDB DEFAULT CHARSET=latin1;

--
-- Dumping data for table `users`
--

INSERT INTO `users` (`id_users`, `photo`, `full_name`, `username`, `role`, `password`, `online`, `created_at`, `updated_at`) VALUES
(1, 'Foto_Profile_-_Juan_Valerian4.jpg', 'Juan Valerian Delima', 'juandelima', 'Super Admin', '$2y$10$GV16k8Bww3xXXAWRoqIdtuJzQXULTPKiMQ/AM3COQmSYJkoUlus0W', '1', '2020-04-15 17:41:19', '2020-04-15 17:41:19'),
(5, 'Foto_Profile_-_Bastian_Cleareta_Delima1.jpg', 'Bastian Cleareta Delima', 'bastiancd', 'Admin', '$2y$10$IO3PgZ9Uy5LD9vzq4Qk4XuHNyXOamyi7nFVtHkz1SkfL4rKTYM.Si', '0', '2020-04-15 18:14:21', '2020-04-15 18:12:55'),
(6, 'Foto_Profile_-_Cindy_Cornelia_D.jpg', 'Cindy Cornelia D', 'cindycd', 'User', '$2y$10$tcJP9urWGMjh8ByI4BdMJOxE9iV3XnuGTntR4gQjV/3wrT9sG9o2S', '0', '2020-04-15 18:12:40', '2020-04-15 18:10:51');

-- --------------------------------------------------------

--
-- Table structure for table `visual`
--

CREATE TABLE `visual` (
  `id_customer_claim` int(3) NOT NULL,
  `Kotor` int(3) DEFAULT NULL,
  `Lecet` int(3) DEFAULT NULL,
  `Tipis` int(3) DEFAULT NULL,
  `Meler` int(3) DEFAULT NULL,
  `Nyerep` int(3) DEFAULT NULL,
  `O_Peel` int(3) DEFAULT NULL,
  `Buram` int(3) DEFAULT NULL,
  `Over_Cut` int(3) DEFAULT NULL,
  `Burry` int(3) DEFAULT NULL,
  `Belang` int(3) DEFAULT NULL,
  `Ngeflek` int(3) DEFAULT NULL,
  `Minyak` int(3) DEFAULT NULL,
  `Dustray` int(3) DEFAULT NULL,
  `Cat_Kelupas` int(3) DEFAULT NULL,
  `Bintik_Air` int(3) DEFAULT NULL,
  `Finishing_Ng` int(3) DEFAULT NULL,
  `Serat` int(3) DEFAULT NULL,
  `Demotograph` int(3) DEFAULT NULL,
  `Lifting` int(3) DEFAULT NULL,
  `Kusam` int(3) DEFAULT NULL,
  `Flow_Mark` int(3) DEFAULT NULL,
  `Legok` int(3) DEFAULT NULL,
  `Salah_Type` int(3) DEFAULT NULL,
  `Getting` int(3) DEFAULT NULL,
  `Part_Campur` int(3) DEFAULT NULL,
  `Sinmark` int(3) DEFAULT NULL,
  `Gores` int(3) DEFAULT NULL,
  `Gloss` int(3) DEFAULT NULL,
  `Patah_Depan` int(3) DEFAULT NULL,
  `Patah_Belakang` int(3) DEFAULT NULL,
  `Patah_Kanan` int(3) DEFAULT NULL,
  `Patah_Kiri` int(3) DEFAULT NULL,
  `Silver` int(3) DEFAULT NULL,
  `Burn_Mark` int(3) DEFAULT NULL,
  `Weld_Line` int(3) DEFAULT NULL,
  `Bubble` int(3) DEFAULT NULL,
  `Black_Dot` int(3) DEFAULT NULL,
  `White_Dot` int(3) DEFAULT NULL,
  `Isi_Tidak_Set` int(3) DEFAULT NULL,
  `Gompal` int(3) DEFAULT NULL,
  `Salah_label` int(3) DEFAULT NULL,
  `Sobek_terkena_cutter` int(3) DEFAULT NULL,
  `Terbentur` int(3) DEFAULT NULL,
  `Kereta` int(3) DEFAULT NULL,
  `Terjatuh` int(3) DEFAULT NULL,
  `Terkena_Gun` int(3) DEFAULT NULL,
  `Sobek_Handling` int(3) DEFAULT NULL,
  `Sobek_Staples` int(3) DEFAULT NULL,
  `Staples_Lepas` int(3) DEFAULT NULL,
  `Keriput` int(3) DEFAULT NULL,
  `Seaming_Ng` int(3) DEFAULT NULL,
  `Nonjol` int(3) DEFAULT NULL,
  `Seal_Lepas` int(3) DEFAULT NULL,
  `Cover_Ng` int(3) DEFAULT NULL,
  `Belum_Finishing` int(3) DEFAULT NULL,
  `Foam_Ng` int(3) DEFAULT NULL
) ENGINE=InnoDB DEFAULT CHARSET=latin1;

--
-- Dumping data for table `visual`
--

INSERT INTO `visual` (`id_customer_claim`, `Kotor`, `Lecet`, `Tipis`, `Meler`, `Nyerep`, `O_Peel`, `Buram`, `Over_Cut`, `Burry`, `Belang`, `Ngeflek`, `Minyak`, `Dustray`, `Cat_Kelupas`, `Bintik_Air`, `Finishing_Ng`, `Serat`, `Demotograph`, `Lifting`, `Kusam`, `Flow_Mark`, `Legok`, `Salah_Type`, `Getting`, `Part_Campur`, `Sinmark`, `Gores`, `Gloss`, `Patah_Depan`, `Patah_Belakang`, `Patah_Kanan`, `Patah_Kiri`, `Silver`, `Burn_Mark`, `Weld_Line`, `Bubble`, `Black_Dot`, `White_Dot`, `Isi_Tidak_Set`, `Gompal`, `Salah_label`, `Sobek_terkena_cutter`, `Terbentur`, `Kereta`, `Terjatuh`, `Terkena_Gun`, `Sobek_Handling`, `Sobek_Staples`, `Staples_Lepas`, `Keriput`, `Seaming_Ng`, `Nonjol`, `Seal_Lepas`, `Cover_Ng`, `Belum_Finishing`, `Foam_Ng`) VALUES
(1, 0, 0, 0, 0, 0, 0, 0, 0, 0, 0, 0, 0, 0, 0, 0, 0, 0, 0, 0, 0, 0, 0, 0, 0, 0, 0, 0, 0, 0, 0, 0, 0, 0, 0, 0, 0, 0, 0, 0, 0, 0, 0, 0, 0, 0, 0, 0, 0, 0, 0, 0, 0, 0, 0, 0, 0),
(2, 0, 0, 0, 0, 0, 0, 0, 0, 0, 0, 0, 0, 0, 0, 0, 0, 0, 0, 0, 0, 0, 0, 0, 0, 0, 0, 0, 0, 0, 0, 0, 0, 0, 0, 0, 0, 0, 0, 0, 0, 0, 0, 0, 0, 0, 0, 0, 0, 0, 0, 0, 0, 0, 0, 0, 0),
(3, 0, 1, 0, 0, 0, 0, 0, 0, 0, 0, 0, 0, 0, 0, 0, 0, 0, 0, 0, 0, 0, 0, 0, 0, 0, 0, 0, 0, 0, 0, 0, 0, 0, 0, 0, 0, 0, 0, 0, 0, 0, 0, 0, 0, 0, 0, 0, 0, 0, 0, 0, 0, 0, 0, 0, 0),
(4, 0, 0, 0, 0, 0, 0, 0, 0, 0, 0, 0, 0, 0, 0, 0, 0, 0, 0, 0, 0, 0, 0, 8, 0, 0, 0, 0, 0, 0, 0, 0, 0, 0, 0, 0, 0, 0, 0, 0, 0, 0, 0, 0, 0, 0, 0, 0, 0, 0, 0, 0, 0, 0, 0, 0, 0),
(5, 0, 0, 0, 0, 0, 0, 0, 0, 0, 0, 0, 0, 0, 0, 0, 0, 0, 0, 0, 0, 0, 0, 0, 0, 0, 0, 0, 0, 1, 2, 0, 0, 0, 0, 0, 0, 0, 0, 0, 0, 0, 0, 0, 0, 0, 0, 0, 0, 0, 0, 0, 0, 0, 0, 0, 0),
(6, 0, 0, 0, 0, 0, 0, 0, 0, 0, 0, 0, 0, 0, 0, 0, 0, 0, 0, 0, 0, 0, 0, 0, 0, 0, 0, 0, 0, 2, 0, 0, 0, 0, 0, 0, 0, 0, 0, 0, 0, 0, 0, 0, 0, 0, 0, 0, 0, 0, 0, 0, 0, 0, 0, 0, 0),
(7, 0, 2, 0, 0, 0, 0, 0, 0, 0, 0, 0, 0, 0, 0, 0, 0, 0, 0, 0, 0, 0, 0, 0, 0, 0, 0, 0, 0, 0, 0, 0, 0, 0, 0, 0, 0, 0, 0, 0, 0, 0, 0, 0, 0, 0, 0, 0, 0, 0, 0, 0, 0, 0, 0, 0, 0),
(8, 0, 1, 0, 0, 0, 0, 0, 0, 0, 0, 0, 0, 0, 0, 0, 0, 0, 0, 0, 0, 0, 0, 0, 0, 0, 0, 0, 0, 0, 0, 0, 0, 0, 0, 0, 0, 0, 0, 0, 0, 0, 0, 0, 0, 0, 0, 0, 0, 0, 0, 0, 0, 0, 0, 0, 0),
(9, 0, 3, 0, 0, 0, 0, 0, 0, 0, 0, 0, 0, 0, 0, 0, 0, 0, 0, 0, 0, 0, 0, 0, 0, 0, 0, 0, 0, 0, 0, 0, 0, 0, 0, 0, 0, 0, 0, 0, 0, 0, 0, 0, 0, 0, 0, 0, 0, 0, 0, 0, 0, 0, 0, 0, 0),
(10, 0, 1, 0, 0, 0, 0, 0, 0, 0, 0, 0, 0, 0, 0, 0, 0, 0, 0, 0, 0, 0, 0, 0, 0, 0, 0, 0, 0, 0, 0, 0, 0, 0, 0, 0, 0, 0, 0, 0, 0, 0, 0, 0, 0, 0, 0, 0, 0, 0, 0, 0, 0, 0, 0, 0, 0),
(11, 0, 1, 0, 0, 0, 0, 0, 0, 0, 0, 0, 0, 0, 0, 0, 0, 0, 0, 0, 0, 0, 0, 0, 0, 0, 0, 0, 0, 0, 0, 0, 0, 0, 0, 0, 0, 0, 0, 0, 0, 0, 0, 0, 0, 0, 0, 0, 0, 0, 0, 0, 0, 0, 0, 0, 0),
(12, 0, 0, 0, 0, 0, 0, 0, 0, 0, 0, 0, 0, 0, 0, 0, 0, 0, 0, 0, 0, 0, 0, 0, 0, 13, 0, 0, 0, 0, 0, 0, 0, 0, 0, 0, 0, 0, 0, 0, 0, 0, 0, 0, 0, 0, 0, 0, 0, 0, 0, 0, 0, 0, 0, 0, 0),
(13, 3, 0, 0, 0, 0, 0, 0, 0, 0, 0, 0, 0, 0, 0, 0, 0, 0, 0, 0, 0, 0, 0, 0, 0, 0, 0, 0, 0, 0, 0, 0, 0, 0, 0, 0, 0, 0, 0, 0, 2, 0, 0, 0, 0, 0, 0, 0, 0, 0, 0, 0, 0, 0, 0, 0, 0),
(14, 0, 0, 0, 0, 0, 0, 0, 0, 0, 0, 0, 0, 0, 0, 0, 0, 0, 0, 0, 0, 0, 0, 0, 0, 0, 0, 0, 0, 1, 0, 0, 0, 0, 0, 0, 0, 0, 0, 0, 0, 0, 0, 0, 0, 0, 0, 0, 0, 0, 0, 0, 0, 0, 0, 0, 0),
(15, 0, 0, 0, 0, 0, 0, 0, 0, 0, 0, 0, 0, 0, 0, 0, 0, 0, 0, 0, 0, 0, 0, 0, 0, 0, 0, 0, 0, 1, 0, 0, 0, 0, 0, 0, 0, 0, 0, 0, 0, 0, 0, 0, 0, 0, 0, 0, 0, 0, 0, 0, 0, 0, 0, 0, 0),
(16, 0, 0, 0, 0, 0, 0, 0, 0, 0, 0, 0, 0, 0, 0, 0, 0, 0, 0, 0, 0, 0, 0, 0, 0, 0, 0, 0, 0, 0, 0, 1, 0, 0, 0, 0, 0, 0, 0, 0, 0, 0, 0, 0, 0, 0, 0, 0, 0, 0, 0, 0, 0, 0, 0, 0, 0),
(17, 0, 0, 0, 0, 0, 0, 0, 0, 0, 0, 0, 0, 0, 0, 0, 0, 0, 0, 0, 0, 0, 0, 0, 0, 0, 0, 0, 0, 0, 0, 0, 1, 0, 0, 0, 0, 0, 0, 0, 0, 0, 0, 0, 0, 0, 0, 0, 0, 0, 0, 0, 0, 0, 0, 0, 0),
(18, 2, 0, 0, 1, 0, 0, 0, 0, 0, 0, 0, 0, 0, 0, 0, 0, 0, 0, 0, 0, 0, 0, 0, 0, 0, 0, 0, 0, 0, 0, 0, 0, 0, 0, 0, 0, 0, 0, 0, 0, 0, 0, 0, 0, 0, 0, 0, 0, 0, 0, 0, 0, 0, 0, 0, 0),
(19, 3, 6, 0, 0, 0, 0, 3, 0, 0, 0, 0, 0, 0, 0, 0, 0, 0, 0, 0, 0, 0, 0, 0, 0, 0, 0, 0, 0, 0, 0, 0, 0, 0, 0, 0, 0, 0, 0, 0, 0, 0, 0, 0, 0, 0, 0, 0, 0, 0, 0, 0, 0, 0, 0, 0, 0),
(29, 0, 2, 1, 1, 0, 0, 0, 0, 0, 0, 0, 0, 0, 0, 0, 0, 0, 0, 0, 0, 0, 0, 0, 0, 0, 0, 0, 0, 0, 0, 0, 0, 0, 0, 0, 0, 0, 0, 0, 0, 0, 0, 0, 0, 0, 0, 0, 0, 0, 0, 0, 0, 0, 0, 0, 0),
(30, 0, 0, 0, 0, 0, 0, 0, 0, 0, 0, 0, 0, 0, 0, 0, 0, 0, 0, 0, 0, 0, 0, 0, 0, 0, 0, 0, 0, 0, 0, 0, 0, 0, 0, 0, 0, 0, 0, 0, 0, 0, 0, 0, 0, 0, 0, 0, 0, 0, 0, 0, 0, 0, 0, 0, 0),
(31, 0, 0, 2, 0, 0, 0, 0, 0, 0, 0, 0, 0, 0, 0, 0, 0, 0, 0, 0, 0, 0, 0, 0, 0, 0, 0, 0, 0, 0, 0, 0, 0, 0, 0, 0, 0, 0, 0, 0, 0, 0, 0, 0, 0, 0, 0, 0, 0, 0, 0, 0, 0, 0, 0, 0, 0),
(32, 0, 0, 0, 0, 3, 0, 0, 0, 0, 0, 0, 0, 0, 0, 0, 0, 0, 0, 0, 0, 0, 0, 0, 0, 0, 0, 0, 0, 0, 0, 0, 0, 0, 0, 0, 0, 0, 0, 0, 0, 0, 0, 0, 0, 0, 0, 0, 0, 0, 0, 0, 0, 0, 0, 0, 0),
(33, 0, 0, 0, 2, 0, 0, 0, 0, 0, 0, 0, 0, 0, 0, 0, 0, 0, 0, 0, 0, 0, 0, 0, 0, 0, 0, 0, 0, 0, 0, 0, 0, 0, 0, 0, 0, 0, 0, 0, 0, 0, 0, 0, 0, 0, 0, 0, 0, 0, 0, 0, 0, 0, 0, 0, 0),
(34, 0, 0, 2, 0, 0, 1, 0, 0, 0, 0, 0, 0, 0, 0, 0, 0, 0, 0, 0, 0, 0, 0, 0, 0, 0, 0, 0, 0, 0, 0, 0, 0, 0, 0, 0, 0, 0, 0, 0, 0, 0, 0, 0, 0, 0, 0, 0, 0, 0, 0, 0, 0, 0, 0, 0, 0),
(35, 0, 3, 0, 0, 0, 0, 0, 0, 0, 0, 0, 0, 0, 0, 0, 0, 0, 0, 0, 0, 0, 0, 0, 0, 0, 0, 0, 0, 0, 0, 0, 0, 0, 0, 0, 0, 0, 0, 0, 0, 0, 0, 0, 0, 0, 0, 0, 0, 0, 0, 0, 0, 0, 0, 0, 0),
(36, 0, 0, 0, 0, 0, 1, 0, 0, 0, 0, 0, 0, 0, 0, 3, 0, 0, 0, 0, 0, 0, 0, 0, 0, 0, 0, 0, 0, 0, 0, 0, 0, 0, 0, 0, 0, 0, 0, 0, 0, 0, 0, 0, 0, 0, 0, 0, 0, 0, 0, 0, 0, 0, 0, 0, 0);

--
-- Indexes for dumped tables
--

--
-- Indexes for table `aktivitas_user`
--
ALTER TABLE `aktivitas_user`
  ADD PRIMARY KEY (`id_aktivitas`),
  ADD KEY `id_user` (`id_user`);

--
-- Indexes for table `chat`
--
ALTER TABLE `chat`
  ADD PRIMARY KEY (`id_chat`),
  ADD KEY `id_receiver` (`id_receiver`),
  ADD KEY `id_from` (`id_from`);

--
-- Indexes for table `claim_customer`
--
ALTER TABLE `claim_customer`
  ADD PRIMARY KEY (`id_customer_claim`),
  ADD KEY `claim_customer_ibfk_1` (`id_part`),
  ADD KEY `id_pergantian_part` (`id_pergantian_part`),
  ADD KEY `claim_customer_ibfk_3` (`id_pfmea`),
  ADD KEY `id_sortir_stock` (`id_sortir_stock`);

--
-- Indexes for table `customer`
--
ALTER TABLE `customer`
  ADD PRIMARY KEY (`id_customer`);

--
-- Indexes for table `data_parts`
--
ALTER TABLE `data_parts`
  ADD PRIMARY KEY (`id_part`),
  ADD KEY `CUSTOMER` (`customer`);

--
-- Indexes for table `delivery`
--
ALTER TABLE `delivery`
  ADD PRIMARY KEY (`id_delivery`);

--
-- Indexes for table `list_part`
--
ALTER TABLE `list_part`
  ADD PRIMARY KEY (`id_part`),
  ADD KEY `id_customer` (`id_customer`);

--
-- Indexes for table `non_visual`
--
ALTER TABLE `non_visual`
  ADD KEY `id_customer_claim` (`id_customer_claim`);

--
-- Indexes for table `pergantian_part`
--
ALTER TABLE `pergantian_part`
  ADD PRIMARY KEY (`id_pergantian_part`);

--
-- Indexes for table `pfmea`
--
ALTER TABLE `pfmea`
  ADD KEY `id_pfmea` (`id_pfmea`) USING BTREE;

--
-- Indexes for table `reset_password`
--
ALTER TABLE `reset_password`
  ADD PRIMARY KEY (`id_reset`),
  ADD KEY `id_user` (`id_user`);

--
-- Indexes for table `sortir_stock`
--
ALTER TABLE `sortir_stock`
  ADD UNIQUE KEY `id_sortir_stock` (`id_sortir_stock`);

--
-- Indexes for table `users`
--
ALTER TABLE `users`
  ADD PRIMARY KEY (`id_users`);

--
-- Indexes for table `visual`
--
ALTER TABLE `visual`
  ADD KEY `id_customer_claim` (`id_customer_claim`);

--
-- AUTO_INCREMENT for dumped tables
--

--
-- AUTO_INCREMENT for table `aktivitas_user`
--
ALTER TABLE `aktivitas_user`
  MODIFY `id_aktivitas` int(4) NOT NULL AUTO_INCREMENT, AUTO_INCREMENT=2;

--
-- AUTO_INCREMENT for table `chat`
--
ALTER TABLE `chat`
  MODIFY `id_chat` int(4) NOT NULL AUTO_INCREMENT, AUTO_INCREMENT=18;

--
-- AUTO_INCREMENT for table `claim_customer`
--
ALTER TABLE `claim_customer`
  MODIFY `id_customer_claim` int(5) NOT NULL AUTO_INCREMENT, AUTO_INCREMENT=37;

--
-- AUTO_INCREMENT for table `customer`
--
ALTER TABLE `customer`
  MODIFY `id_customer` int(3) NOT NULL AUTO_INCREMENT, AUTO_INCREMENT=21;

--
-- AUTO_INCREMENT for table `data_parts`
--
ALTER TABLE `data_parts`
  MODIFY `id_part` int(4) NOT NULL AUTO_INCREMENT, AUTO_INCREMENT=331;

--
-- AUTO_INCREMENT for table `delivery`
--
ALTER TABLE `delivery`
  MODIFY `id_delivery` int(11) NOT NULL AUTO_INCREMENT, AUTO_INCREMENT=3;

--
-- AUTO_INCREMENT for table `list_part`
--
ALTER TABLE `list_part`
  MODIFY `id_part` int(8) NOT NULL AUTO_INCREMENT, AUTO_INCREMENT=17;

--
-- AUTO_INCREMENT for table `pergantian_part`
--
ALTER TABLE `pergantian_part`
  MODIFY `id_pergantian_part` int(3) NOT NULL AUTO_INCREMENT;

--
-- AUTO_INCREMENT for table `reset_password`
--
ALTER TABLE `reset_password`
  MODIFY `id_reset` int(3) NOT NULL AUTO_INCREMENT, AUTO_INCREMENT=6;

--
-- AUTO_INCREMENT for table `users`
--
ALTER TABLE `users`
  MODIFY `id_users` int(3) NOT NULL AUTO_INCREMENT, AUTO_INCREMENT=7;

--
-- Constraints for dumped tables
--

--
-- Constraints for table `aktivitas_user`
--
ALTER TABLE `aktivitas_user`
  ADD CONSTRAINT `aktivitas_user_ibfk_1` FOREIGN KEY (`id_user`) REFERENCES `users` (`id_users`) ON DELETE CASCADE ON UPDATE CASCADE;

--
-- Constraints for table `chat`
--
ALTER TABLE `chat`
  ADD CONSTRAINT `chat_ibfk_1` FOREIGN KEY (`id_receiver`) REFERENCES `users` (`id_users`) ON DELETE CASCADE ON UPDATE CASCADE,
  ADD CONSTRAINT `chat_ibfk_2` FOREIGN KEY (`id_from`) REFERENCES `users` (`id_users`) ON DELETE CASCADE ON UPDATE CASCADE;

--
-- Constraints for table `claim_customer`
--
ALTER TABLE `claim_customer`
  ADD CONSTRAINT `claim_customer_ibfk_1` FOREIGN KEY (`id_part`) REFERENCES `data_parts` (`id_part`) ON DELETE CASCADE ON UPDATE CASCADE,
  ADD CONSTRAINT `claim_customer_ibfk_2` FOREIGN KEY (`id_pergantian_part`) REFERENCES `pergantian_part` (`id_pergantian_part`) ON DELETE CASCADE ON UPDATE CASCADE,
  ADD CONSTRAINT `claim_customer_ibfk_3` FOREIGN KEY (`id_pfmea`) REFERENCES `pfmea` (`id_pfmea`) ON DELETE CASCADE ON UPDATE CASCADE,
  ADD CONSTRAINT `claim_customer_ibfk_4` FOREIGN KEY (`id_sortir_stock`) REFERENCES `sortir_stock` (`id_sortir_stock`) ON DELETE CASCADE ON UPDATE CASCADE;

--
-- Constraints for table `data_parts`
--
ALTER TABLE `data_parts`
  ADD CONSTRAINT `data_parts_ibfk_1` FOREIGN KEY (`CUSTOMER`) REFERENCES `customer` (`id_customer`) ON DELETE CASCADE ON UPDATE CASCADE;

--
-- Constraints for table `list_part`
--
ALTER TABLE `list_part`
  ADD CONSTRAINT `list_part_ibfk_1` FOREIGN KEY (`id_customer`) REFERENCES `customer` (`id_customer`);

--
-- Constraints for table `non_visual`
--
ALTER TABLE `non_visual`
  ADD CONSTRAINT `non_visual_ibfk_1` FOREIGN KEY (`id_customer_claim`) REFERENCES `claim_customer` (`id_customer_claim`);

--
-- Constraints for table `reset_password`
--
ALTER TABLE `reset_password`
  ADD CONSTRAINT `reset_password_ibfk_1` FOREIGN KEY (`id_user`) REFERENCES `users` (`id_users`) ON DELETE CASCADE ON UPDATE CASCADE;

--
-- Constraints for table `visual`
--
ALTER TABLE `visual`
  ADD CONSTRAINT `visual_ibfk_1` FOREIGN KEY (`id_customer_claim`) REFERENCES `claim_customer` (`id_customer_claim`);
COMMIT;

/*!40101 SET CHARACTER_SET_CLIENT=@OLD_CHARACTER_SET_CLIENT */;
/*!40101 SET CHARACTER_SET_RESULTS=@OLD_CHARACTER_SET_RESULTS */;
/*!40101 SET COLLATION_CONNECTION=@OLD_COLLATION_CONNECTION */;
